"trend","weekday1","weekday2","weekday3","weekday4","weekday5","weekday6","daily_cos1","daily_sin1","daily_cos2","daily_sin2","daily_cos3","daily_sin3"
-0.512130801687764,0,0,0,1,0,0,1,0,1,0,1,0
-0.511075949367089,0,0,0,1,0,0,0.707106781186548,0.707106781186547,6.12323399573677e-17,1,-0.707106781186547,0.707106781186548
-0.510021097046414,0,0,0,1,0,0,6.12323399573677e-17,1,-1,1.22464679914735e-16,-1.83697019872103e-16,-1
-0.508966244725738,0,0,0,1,0,0,-0.707106781186547,0.707106781186548,-1.83697019872103e-16,-1,0.707106781186548,0.707106781186547
-0.507911392405063,0,0,0,1,0,0,-1,1.22464679914735e-16,1,-2.44929359829471e-16,-1,3.67394039744206e-16
-0.506856540084388,0,0,0,1,0,0,-0.707106781186548,-0.707106781186547,1.19434011948696e-15,1,0.707106781186548,-0.707106781186547
-0.505801687763713,0,0,0,1,0,0,-1.83697019872103e-16,-1,-1,3.67394039744206e-16,5.51091059616309e-16,1
-0.504746835443038,0,0,0,1,0,0,0.707106781186547,-0.707106781186548,-4.28626379701574e-16,-1,-0.707106781186547,-0.707106781186548
-0.503691983122363,0,0,0,0,1,0,1,0,1,0,1,0
-0.502637130801688,0,0,0,0,1,0,0.707106781186548,0.707106781186547,6.12323399573677e-17,1,-0.707106781186547,0.707106781186548
-0.501582278481013,0,0,0,0,1,0,6.12323399573677e-17,1,-1,1.22464679914735e-16,-1.83697019872103e-16,-1
-0.500527426160338,0,0,0,0,1,0,-0.707106781186547,0.707106781186548,-1.83697019872103e-16,-1,0.707106781186548,0.707106781186547
-0.499472573839662,0,0,0,0,1,0,-1,1.22464679914735e-16,1,-2.44929359829471e-16,-1,3.67394039744206e-16
-0.498417721518987,0,0,0,0,1,0,-0.707106781186548,-0.707106781186547,1.19434011948696e-15,1,0.707106781186548,-0.707106781186547
-0.497362869198312,0,0,0,0,1,0,-1.83697019872103e-16,-1,-1,3.67394039744206e-16,5.51091059616309e-16,1
-0.496308016877637,0,0,0,0,1,0,0.707106781186547,-0.707106781186548,-4.28626379701574e-16,-1,-0.707106781186547,-0.707106781186548
-0.495253164556962,0,0,0,0,0,1,1,0,1,0,1,0
-0.494198312236287,0,0,0,0,0,1,0.707106781186548,0.707106781186547,6.12323399573677e-17,1,-0.707106781186547,0.707106781186548
-0.493143459915612,0,0,0,0,0,1,6.12323399573677e-17,1,-1,1.22464679914735e-16,-1.83697019872103e-16,-1
-0.492088607594937,0,0,0,0,0,1,-0.707106781186547,0.707106781186548,-1.83697019872103e-16,-1,0.707106781186548,0.707106781186547
-0.491033755274262,0,0,0,0,0,1,-1,1.22464679914735e-16,1,-2.44929359829471e-16,-1,3.67394039744206e-16
-0.489978902953586,0,0,0,0,0,1,-0.707106781186548,-0.707106781186547,1.19434011948696e-15,1,0.707106781186548,-0.707106781186547
-0.488924050632911,0,0,0,0,0,1,-1.83697019872103e-16,-1,-1,3.67394039744206e-16,5.51091059616309e-16,1
-0.487869198312236,0,0,0,0,0,1,0.707106781186547,-0.707106781186548,-4.28626379701574e-16,-1,-0.707106781186547,-0.707106781186548
-0.486814345991561,0,0,0,0,0,0,1,0,1,0,1,0
-0.485759493670886,0,0,0,0,0,0,0.707106781186548,0.707106781186547,6.12323399573677e-17,1,-0.707106781186547,0.707106781186548
-0.484704641350211,0,0,0,0,0,0,6.12323399573677e-17,1,-1,1.22464679914735e-16,-1.83697019872103e-16,-1
-0.483649789029536,0,0,0,0,0,0,-0.707106781186547,0.707106781186548,-1.83697019872103e-16,-1,0.707106781186548,0.707106781186547
-0.482594936708861,0,0,0,0,0,0,-1,1.22464679914735e-16,1,-2.44929359829471e-16,-1,3.67394039744206e-16
-0.481540084388186,0,0,0,0,0,0,-0.707106781186548,-0.707106781186547,1.19434011948696e-15,1,0.707106781186548,-0.707106781186547
-0.480485232067511,0,0,0,0,0,0,-1.83697019872103e-16,-1,-1,3.67394039744206e-16,5.51091059616309e-16,1
-0.479430379746835,0,0,0,0,0,0,0.707106781186547,-0.707106781186548,-4.28626379701574e-16,-1,-0.707106781186547,-0.707106781186548
-0.47837552742616,1,0,0,0,0,0,1,0,1,0,1,0
-0.477320675105485,1,0,0,0,0,0,0.707106781186548,0.707106781186547,6.12323399573677e-17,1,-0.707106781186547,0.707106781186548
-0.47626582278481,1,0,0,0,0,0,6.12323399573677e-17,1,-1,1.22464679914735e-16,-1.83697019872103e-16,-1
-0.475210970464135,1,0,0,0,0,0,-0.707106781186547,0.707106781186548,-1.83697019872103e-16,-1,0.707106781186548,0.707106781186547
-0.47415611814346,1,0,0,0,0,0,-1,1.22464679914735e-16,1,-2.44929359829471e-16,-1,3.67394039744206e-16
-0.473101265822785,1,0,0,0,0,0,-0.707106781186548,-0.707106781186547,1.19434011948696e-15,1,0.707106781186548,-0.707106781186547
-0.47204641350211,1,0,0,0,0,0,-1.83697019872103e-16,-1,-1,3.67394039744206e-16,5.51091059616309e-16,1
-0.470991561181435,1,0,0,0,0,0,0.707106781186547,-0.707106781186548,-4.28626379701574e-16,-1,-0.707106781186547,-0.707106781186548
-0.46993670886076,0,1,0,0,0,0,1,0,1,0,1,0
-0.468881856540084,0,1,0,0,0,0,0.707106781186548,0.707106781186547,6.12323399573677e-17,1,-0.707106781186547,0.707106781186548
-0.467827004219409,0,1,0,0,0,0,6.12323399573677e-17,1,-1,1.22464679914735e-16,-1.83697019872103e-16,-1
-0.466772151898734,0,1,0,0,0,0,-0.707106781186547,0.707106781186548,-1.83697019872103e-16,-1,0.707106781186548,0.707106781186547
-0.465717299578059,0,1,0,0,0,0,-1,1.22464679914735e-16,1,-2.44929359829471e-16,-1,3.67394039744206e-16
-0.464662447257384,0,1,0,0,0,0,-0.707106781186548,-0.707106781186547,1.19434011948696e-15,1,0.707106781186548,-0.707106781186547
-0.463607594936709,0,1,0,0,0,0,-1.83697019872103e-16,-1,-1,3.67394039744206e-16,5.51091059616309e-16,1
-0.462552742616034,0,1,0,0,0,0,0.707106781186547,-0.707106781186548,-4.28626379701574e-16,-1,-0.707106781186547,-0.707106781186548
-0.461497890295359,0,0,1,0,0,0,1,0,1,0,1,0
-0.460443037974684,0,0,1,0,0,0,0.707106781186548,0.707106781186547,6.12323399573677e-17,1,-0.707106781186547,0.707106781186548
-0.459388185654008,0,0,1,0,0,0,6.12323399573677e-17,1,-1,1.22464679914735e-16,-1.83697019872103e-16,-1
-0.458333333333333,0,0,1,0,0,0,-0.707106781186547,0.707106781186548,-1.83697019872103e-16,-1,0.707106781186548,0.707106781186547
-0.457278481012658,0,0,1,0,0,0,-1,1.22464679914735e-16,1,-2.44929359829471e-16,-1,3.67394039744206e-16
-0.456223628691983,0,0,1,0,0,0,-0.707106781186548,-0.707106781186547,1.19434011948696e-15,1,0.707106781186548,-0.707106781186547
-0.455168776371308,0,0,1,0,0,0,-1.83697019872103e-16,-1,-1,3.67394039744206e-16,5.51091059616309e-16,1
-0.454113924050633,0,0,1,0,0,0,0.707106781186547,-0.707106781186548,-4.28626379701574e-16,-1,-0.707106781186547,-0.707106781186548
-0.453059071729958,0,0,0,1,0,0,1,0,1,0,1,0
-0.452004219409283,0,0,0,1,0,0,0.707106781186548,0.707106781186547,6.12323399573677e-17,1,-0.707106781186547,0.707106781186548
-0.450949367088608,0,0,0,1,0,0,6.12323399573677e-17,1,-1,1.22464679914735e-16,-1.83697019872103e-16,-1
-0.449894514767932,0,0,0,1,0,0,-0.707106781186547,0.707106781186548,-1.83697019872103e-16,-1,0.707106781186548,0.707106781186547
-0.448839662447257,0,0,0,1,0,0,-1,1.22464679914735e-16,1,-2.44929359829471e-16,-1,3.67394039744206e-16
-0.447784810126582,0,0,0,1,0,0,-0.707106781186548,-0.707106781186547,1.19434011948696e-15,1,0.707106781186548,-0.707106781186547
-0.446729957805907,0,0,0,1,0,0,-1.83697019872103e-16,-1,-1,3.67394039744206e-16,5.51091059616309e-16,1
-0.445675105485232,0,0,0,1,0,0,0.707106781186547,-0.707106781186548,-4.28626379701574e-16,-1,-0.707106781186547,-0.707106781186548
-0.444620253164557,0,0,0,0,1,0,1,0,1,0,1,0
-0.443565400843882,0,0,0,0,1,0,0.707106781186548,0.707106781186547,6.12323399573677e-17,1,-0.707106781186547,0.707106781186548
-0.442510548523207,0,0,0,0,1,0,6.12323399573677e-17,1,-1,1.22464679914735e-16,-1.83697019872103e-16,-1
-0.441455696202532,0,0,0,0,1,0,-0.707106781186547,0.707106781186548,-1.83697019872103e-16,-1,0.707106781186548,0.707106781186547
-0.440400843881857,0,0,0,0,1,0,-1,1.22464679914735e-16,1,-2.44929359829471e-16,-1,3.67394039744206e-16
-0.439345991561181,0,0,0,0,1,0,-0.707106781186548,-0.707106781186547,1.19434011948696e-15,1,0.707106781186548,-0.707106781186547
-0.438291139240506,0,0,0,0,1,0,-1.83697019872103e-16,-1,-1,3.67394039744206e-16,5.51091059616309e-16,1
-0.437236286919831,0,0,0,0,1,0,0.707106781186547,-0.707106781186548,-4.28626379701574e-16,-1,-0.707106781186547,-0.707106781186548
-0.436181434599156,0,0,0,0,0,1,1,0,1,0,1,0
-0.435126582278481,0,0,0,0,0,1,0.707106781186548,0.707106781186547,6.12323399573677e-17,1,-0.707106781186547,0.707106781186548
-0.434071729957806,0,0,0,0,0,1,6.12323399573677e-17,1,-1,1.22464679914735e-16,-1.83697019872103e-16,-1
-0.433016877637131,0,0,0,0,0,1,-0.707106781186547,0.707106781186548,-1.83697019872103e-16,-1,0.707106781186548,0.707106781186547
-0.431962025316456,0,0,0,0,0,1,-1,1.22464679914735e-16,1,-2.44929359829471e-16,-1,3.67394039744206e-16
-0.430907172995781,0,0,0,0,0,1,-0.707106781186548,-0.707106781186547,1.19434011948696e-15,1,0.707106781186548,-0.707106781186547
-0.429852320675105,0,0,0,0,0,1,-1.83697019872103e-16,-1,-1,3.67394039744206e-16,5.51091059616309e-16,1
-0.42879746835443,0,0,0,0,0,1,0.707106781186547,-0.707106781186548,-4.28626379701574e-16,-1,-0.707106781186547,-0.707106781186548
-0.427742616033755,0,0,0,0,0,0,1,0,1,0,1,0
-0.42668776371308,0,0,0,0,0,0,0.707106781186548,0.707106781186547,6.12323399573677e-17,1,-0.707106781186547,0.707106781186548
-0.425632911392405,0,0,0,0,0,0,6.12323399573677e-17,1,-1,1.22464679914735e-16,-1.83697019872103e-16,-1
-0.42457805907173,0,0,0,0,0,0,-0.707106781186547,0.707106781186548,-1.83697019872103e-16,-1,0.707106781186548,0.707106781186547
-0.423523206751055,0,0,0,0,0,0,-1,1.22464679914735e-16,1,-2.44929359829471e-16,-1,3.67394039744206e-16
-0.42246835443038,0,0,0,0,0,0,-0.707106781186548,-0.707106781186547,1.19434011948696e-15,1,0.707106781186548,-0.707106781186547
-0.421413502109705,0,0,0,0,0,0,-1.83697019872103e-16,-1,-1,3.67394039744206e-16,5.51091059616309e-16,1
-0.42035864978903,0,0,0,0,0,0,0.707106781186547,-0.707106781186548,-4.28626379701574e-16,-1,-0.707106781186547,-0.707106781186548
-0.419303797468354,1,0,0,0,0,0,1,0,1,0,1,0
-0.418248945147679,1,0,0,0,0,0,0.707106781186548,0.707106781186547,6.12323399573677e-17,1,-0.707106781186547,0.707106781186548
-0.417194092827004,1,0,0,0,0,0,6.12323399573677e-17,1,-1,1.22464679914735e-16,-1.83697019872103e-16,-1
-0.416139240506329,1,0,0,0,0,0,-0.707106781186547,0.707106781186548,-1.83697019872103e-16,-1,0.707106781186548,0.707106781186547
-0.415084388185654,1,0,0,0,0,0,-1,1.22464679914735e-16,1,-2.44929359829471e-16,-1,3.67394039744206e-16
-0.414029535864979,1,0,0,0,0,0,-0.707106781186548,-0.707106781186547,1.19434011948696e-15,1,0.707106781186548,-0.707106781186547
-0.412974683544304,1,0,0,0,0,0,-1.83697019872103e-16,-1,-1,3.67394039744206e-16,5.51091059616309e-16,1
-0.411919831223629,1,0,0,0,0,0,0.707106781186547,-0.707106781186548,-4.28626379701574e-16,-1,-0.707106781186547,-0.707106781186548
-0.410864978902954,0,1,0,0,0,0,1,0,1,0,1,0
-0.409810126582278,0,1,0,0,0,0,0.707106781186548,0.707106781186547,6.12323399573677e-17,1,-0.707106781186547,0.707106781186548
-0.408755274261603,0,1,0,0,0,0,6.12323399573677e-17,1,-1,1.22464679914735e-16,-1.83697019872103e-16,-1
-0.407700421940928,0,1,0,0,0,0,-0.707106781186547,0.707106781186548,-1.83697019872103e-16,-1,0.707106781186548,0.707106781186547
-0.406645569620253,0,1,0,0,0,0,-1,1.22464679914735e-16,1,-2.44929359829471e-16,-1,3.67394039744206e-16
-0.405590717299578,0,1,0,0,0,0,-0.707106781186548,-0.707106781186547,1.19434011948696e-15,1,0.707106781186548,-0.707106781186547
-0.404535864978903,0,1,0,0,0,0,-1.83697019872103e-16,-1,-1,3.67394039744206e-16,5.51091059616309e-16,1
-0.403481012658228,0,1,0,0,0,0,0.707106781186547,-0.707106781186548,-4.28626379701574e-16,-1,-0.707106781186547,-0.707106781186548
-0.402426160337553,0,0,1,0,0,0,1,0,1,0,1,0
-0.401371308016878,0,0,1,0,0,0,0.707106781186548,0.707106781186547,6.12323399573677e-17,1,-0.707106781186547,0.707106781186548
-0.400316455696203,0,0,1,0,0,0,6.12323399573677e-17,1,-1,1.22464679914735e-16,-1.83697019872103e-16,-1
-0.399261603375527,0,0,1,0,0,0,-0.707106781186547,0.707106781186548,-1.83697019872103e-16,-1,0.707106781186548,0.707106781186547
-0.398206751054852,0,0,1,0,0,0,-1,1.22464679914735e-16,1,-2.44929359829471e-16,-1,3.67394039744206e-16
-0.397151898734177,0,0,1,0,0,0,-0.707106781186548,-0.707106781186547,1.19434011948696e-15,1,0.707106781186548,-0.707106781186547
-0.396097046413502,0,0,1,0,0,0,-1.83697019872103e-16,-1,-1,3.67394039744206e-16,5.51091059616309e-16,1
-0.395042194092827,0,0,1,0,0,0,0.707106781186547,-0.707106781186548,-4.28626379701574e-16,-1,-0.707106781186547,-0.707106781186548
-0.393987341772152,0,0,0,1,0,0,1,0,1,0,1,0
-0.392932489451477,0,0,0,1,0,0,0.707106781186548,0.707106781186547,6.12323399573677e-17,1,-0.707106781186547,0.707106781186548
-0.391877637130802,0,0,0,1,0,0,6.12323399573677e-17,1,-1,1.22464679914735e-16,-1.83697019872103e-16,-1
-0.390822784810127,0,0,0,1,0,0,-0.707106781186547,0.707106781186548,-1.83697019872103e-16,-1,0.707106781186548,0.707106781186547
-0.389767932489451,0,0,0,1,0,0,-1,1.22464679914735e-16,1,-2.44929359829471e-16,-1,3.67394039744206e-16
-0.388713080168776,0,0,0,1,0,0,-0.707106781186548,-0.707106781186547,1.19434011948696e-15,1,0.707106781186548,-0.707106781186547
-0.387658227848101,0,0,0,1,0,0,-1.83697019872103e-16,-1,-1,3.67394039744206e-16,5.51091059616309e-16,1
-0.386603375527426,0,0,0,1,0,0,0.707106781186547,-0.707106781186548,-4.28626379701574e-16,-1,-0.707106781186547,-0.707106781186548
-0.385548523206751,0,0,0,0,1,0,1,0,1,0,1,0
-0.384493670886076,0,0,0,0,1,0,0.707106781186548,0.707106781186547,6.12323399573677e-17,1,-0.707106781186547,0.707106781186548
-0.383438818565401,0,0,0,0,1,0,6.12323399573677e-17,1,-1,1.22464679914735e-16,-1.83697019872103e-16,-1
-0.382383966244726,0,0,0,0,1,0,-0.707106781186547,0.707106781186548,-1.83697019872103e-16,-1,0.707106781186548,0.707106781186547
-0.381329113924051,0,0,0,0,1,0,-1,1.22464679914735e-16,1,-2.44929359829471e-16,-1,3.67394039744206e-16
-0.380274261603376,0,0,0,0,1,0,-0.707106781186548,-0.707106781186547,1.19434011948696e-15,1,0.707106781186548,-0.707106781186547
-0.3792194092827,0,0,0,0,1,0,-1.83697019872103e-16,-1,-1,3.67394039744206e-16,5.51091059616309e-16,1
-0.378164556962025,0,0,0,0,1,0,0.707106781186547,-0.707106781186548,-4.28626379701574e-16,-1,-0.707106781186547,-0.707106781186548
-0.37710970464135,0,0,0,0,0,1,1,0,1,0,1,0
-0.376054852320675,0,0,0,0,0,1,0.707106781186548,0.707106781186547,6.12323399573677e-17,1,-0.707106781186547,0.707106781186548
-0.375,0,0,0,0,0,1,6.12323399573677e-17,1,-1,1.22464679914735e-16,-1.83697019872103e-16,-1
-0.373945147679325,0,0,0,0,0,1,-0.707106781186547,0.707106781186548,-1.83697019872103e-16,-1,0.707106781186548,0.707106781186547
-0.37289029535865,0,0,0,0,0,1,-1,1.22464679914735e-16,1,-2.44929359829471e-16,-1,3.67394039744206e-16
-0.371835443037975,0,0,0,0,0,1,-0.707106781186548,-0.707106781186547,1.19434011948696e-15,1,0.707106781186548,-0.707106781186547
-0.3707805907173,0,0,0,0,0,1,-1.83697019872103e-16,-1,-1,3.67394039744206e-16,5.51091059616309e-16,1
-0.369725738396624,0,0,0,0,0,1,0.707106781186547,-0.707106781186548,-4.28626379701574e-16,-1,-0.707106781186547,-0.707106781186548
-0.368670886075949,0,0,0,0,0,0,1,0,1,0,1,0
-0.367616033755274,0,0,0,0,0,0,0.707106781186548,0.707106781186547,6.12323399573677e-17,1,-0.707106781186547,0.707106781186548
-0.366561181434599,0,0,0,0,0,0,6.12323399573677e-17,1,-1,1.22464679914735e-16,-1.83697019872103e-16,-1
-0.365506329113924,0,0,0,0,0,0,-0.707106781186547,0.707106781186548,-1.83697019872103e-16,-1,0.707106781186548,0.707106781186547
-0.364451476793249,0,0,0,0,0,0,-1,1.22464679914735e-16,1,-2.44929359829471e-16,-1,3.67394039744206e-16
-0.363396624472574,0,0,0,0,0,0,-0.707106781186548,-0.707106781186547,1.19434011948696e-15,1,0.707106781186548,-0.707106781186547
-0.362341772151899,0,0,0,0,0,0,-1.83697019872103e-16,-1,-1,3.67394039744206e-16,5.51091059616309e-16,1
-0.361286919831224,0,0,0,0,0,0,0.707106781186547,-0.707106781186548,-4.28626379701574e-16,-1,-0.707106781186547,-0.707106781186548
-0.360232067510549,1,0,0,0,0,0,1,0,1,0,1,0
-0.359177215189873,1,0,0,0,0,0,0.707106781186548,0.707106781186547,6.12323399573677e-17,1,-0.707106781186547,0.707106781186548
-0.358122362869198,1,0,0,0,0,0,6.12323399573677e-17,1,-1,1.22464679914735e-16,-1.83697019872103e-16,-1
-0.357067510548523,1,0,0,0,0,0,-0.707106781186547,0.707106781186548,-1.83697019872103e-16,-1,0.707106781186548,0.707106781186547
-0.356012658227848,1,0,0,0,0,0,-1,1.22464679914735e-16,1,-2.44929359829471e-16,-1,3.67394039744206e-16
-0.354957805907173,1,0,0,0,0,0,-0.707106781186548,-0.707106781186547,1.19434011948696e-15,1,0.707106781186548,-0.707106781186547
-0.353902953586498,1,0,0,0,0,0,-1.83697019872103e-16,-1,-1,3.67394039744206e-16,5.51091059616309e-16,1
-0.352848101265823,1,0,0,0,0,0,0.707106781186547,-0.707106781186548,-4.28626379701574e-16,-1,-0.707106781186547,-0.707106781186548
-0.351793248945148,0,1,0,0,0,0,1,0,1,0,1,0
-0.350738396624473,0,1,0,0,0,0,0.707106781186548,0.707106781186547,6.12323399573677e-17,1,-0.707106781186547,0.707106781186548
-0.349683544303797,0,1,0,0,0,0,6.12323399573677e-17,1,-1,1.22464679914735e-16,-1.83697019872103e-16,-1
-0.348628691983122,0,1,0,0,0,0,-0.707106781186547,0.707106781186548,-1.83697019872103e-16,-1,0.707106781186548,0.707106781186547
-0.347573839662447,0,1,0,0,0,0,-1,1.22464679914735e-16,1,-2.44929359829471e-16,-1,3.67394039744206e-16
-0.346518987341772,0,1,0,0,0,0,-0.707106781186548,-0.707106781186547,1.19434011948696e-15,1,0.707106781186548,-0.707106781186547
-0.345464135021097,0,1,0,0,0,0,-1.83697019872103e-16,-1,-1,3.67394039744206e-16,5.51091059616309e-16,1
-0.344409282700422,0,1,0,0,0,0,0.707106781186547,-0.707106781186548,-4.28626379701574e-16,-1,-0.707106781186547,-0.707106781186548
-0.343354430379747,0,0,1,0,0,0,1,0,1,0,1,0
-0.342299578059072,0,0,1,0,0,0,0.707106781186548,0.707106781186547,6.12323399573677e-17,1,-0.707106781186547,0.707106781186548
-0.341244725738397,0,0,1,0,0,0,6.12323399573677e-17,1,-1,1.22464679914735e-16,-1.83697019872103e-16,-1
-0.340189873417722,0,0,1,0,0,0,-0.707106781186547,0.707106781186548,-1.83697019872103e-16,-1,0.707106781186548,0.707106781186547
-0.339135021097046,0,0,1,0,0,0,-1,1.22464679914735e-16,1,-2.44929359829471e-16,-1,3.67394039744206e-16
-0.338080168776371,0,0,1,0,0,0,-0.707106781186548,-0.707106781186547,1.19434011948696e-15,1,0.707106781186548,-0.707106781186547
-0.337025316455696,0,0,1,0,0,0,-1.83697019872103e-16,-1,-1,3.67394039744206e-16,5.51091059616309e-16,1
-0.335970464135021,0,0,1,0,0,0,0.707106781186547,-0.707106781186548,-4.28626379701574e-16,-1,-0.707106781186547,-0.707106781186548
-0.334915611814346,0,0,0,1,0,0,1,0,1,0,1,0
-0.333860759493671,0,0,0,1,0,0,0.707106781186548,0.707106781186547,6.12323399573677e-17,1,-0.707106781186547,0.707106781186548
-0.332805907172996,0,0,0,1,0,0,6.12323399573677e-17,1,-1,1.22464679914735e-16,-1.83697019872103e-16,-1
-0.331751054852321,0,0,0,1,0,0,-0.707106781186547,0.707106781186548,-1.83697019872103e-16,-1,0.707106781186548,0.707106781186547
-0.330696202531646,0,0,0,1,0,0,-1,1.22464679914735e-16,1,-2.44929359829471e-16,-1,3.67394039744206e-16
-0.32964135021097,0,0,0,1,0,0,-0.707106781186548,-0.707106781186547,1.19434011948696e-15,1,0.707106781186548,-0.707106781186547
-0.328586497890295,0,0,0,1,0,0,-1.83697019872103e-16,-1,-1,3.67394039744206e-16,5.51091059616309e-16,1
-0.32753164556962,0,0,0,1,0,0,0.707106781186547,-0.707106781186548,-4.28626379701574e-16,-1,-0.707106781186547,-0.707106781186548
-0.326476793248945,0,0,0,0,1,0,1,0,1,0,1,0
-0.32542194092827,0,0,0,0,1,0,0.707106781186548,0.707106781186547,6.12323399573677e-17,1,-0.707106781186547,0.707106781186548
-0.324367088607595,0,0,0,0,1,0,6.12323399573677e-17,1,-1,1.22464679914735e-16,-1.83697019872103e-16,-1
-0.32331223628692,0,0,0,0,1,0,-0.707106781186547,0.707106781186548,-1.83697019872103e-16,-1,0.707106781186548,0.707106781186547
-0.322257383966245,0,0,0,0,1,0,-1,1.22464679914735e-16,1,-2.44929359829471e-16,-1,3.67394039744206e-16
-0.32120253164557,0,0,0,0,1,0,-0.707106781186548,-0.707106781186547,1.19434011948696e-15,1,0.707106781186548,-0.707106781186547
-0.320147679324895,0,0,0,0,1,0,-1.83697019872103e-16,-1,-1,3.67394039744206e-16,5.51091059616309e-16,1
-0.319092827004219,0,0,0,0,1,0,0.707106781186547,-0.707106781186548,-4.28626379701574e-16,-1,-0.707106781186547,-0.707106781186548
-0.318037974683544,0,0,0,0,0,1,1,0,1,0,1,0
-0.316983122362869,0,0,0,0,0,1,0.707106781186548,0.707106781186547,6.12323399573677e-17,1,-0.707106781186547,0.707106781186548
-0.315928270042194,0,0,0,0,0,1,6.12323399573677e-17,1,-1,1.22464679914735e-16,-1.83697019872103e-16,-1
-0.314873417721519,0,0,0,0,0,1,-0.707106781186547,0.707106781186548,-1.83697019872103e-16,-1,0.707106781186548,0.707106781186547
-0.313818565400844,0,0,0,0,0,1,-1,1.22464679914735e-16,1,-2.44929359829471e-16,-1,3.67394039744206e-16
-0.312763713080169,0,0,0,0,0,1,-0.707106781186548,-0.707106781186547,1.19434011948696e-15,1,0.707106781186548,-0.707106781186547
-0.311708860759494,0,0,0,0,0,1,-1.83697019872103e-16,-1,-1,3.67394039744206e-16,5.51091059616309e-16,1
-0.310654008438819,0,0,0,0,0,1,0.707106781186547,-0.707106781186548,-4.28626379701574e-16,-1,-0.707106781186547,-0.707106781186548
-0.309599156118143,0,0,0,0,0,0,1,0,1,0,1,0
-0.308544303797468,0,0,0,0,0,0,0.707106781186548,0.707106781186547,6.12323399573677e-17,1,-0.707106781186547,0.707106781186548
-0.307489451476793,0,0,0,0,0,0,6.12323399573677e-17,1,-1,1.22464679914735e-16,-1.83697019872103e-16,-1
-0.306434599156118,0,0,0,0,0,0,-0.707106781186547,0.707106781186548,-1.83697019872103e-16,-1,0.707106781186548,0.707106781186547
-0.305379746835443,0,0,0,0,0,0,-1,1.22464679914735e-16,1,-2.44929359829471e-16,-1,3.67394039744206e-16
-0.304324894514768,0,0,0,0,0,0,-0.707106781186548,-0.707106781186547,1.19434011948696e-15,1,0.707106781186548,-0.707106781186547
-0.303270042194093,0,0,0,0,0,0,-1.83697019872103e-16,-1,-1,3.67394039744206e-16,5.51091059616309e-16,1
-0.302215189873418,0,0,0,0,0,0,0.707106781186547,-0.707106781186548,-4.28626379701574e-16,-1,-0.707106781186547,-0.707106781186548
-0.301160337552743,1,0,0,0,0,0,1,0,1,0,1,0
-0.300105485232068,1,0,0,0,0,0,0.707106781186548,0.707106781186547,6.12323399573677e-17,1,-0.707106781186547,0.707106781186548
-0.299050632911392,1,0,0,0,0,0,6.12323399573677e-17,1,-1,1.22464679914735e-16,-1.83697019872103e-16,-1
-0.297995780590717,1,0,0,0,0,0,-0.707106781186547,0.707106781186548,-1.83697019872103e-16,-1,0.707106781186548,0.707106781186547
-0.296940928270042,1,0,0,0,0,0,-1,1.22464679914735e-16,1,-2.44929359829471e-16,-1,3.67394039744206e-16
-0.295886075949367,1,0,0,0,0,0,-0.707106781186548,-0.707106781186547,1.19434011948696e-15,1,0.707106781186548,-0.707106781186547
-0.294831223628692,1,0,0,0,0,0,-1.83697019872103e-16,-1,-1,3.67394039744206e-16,5.51091059616309e-16,1
-0.293776371308017,1,0,0,0,0,0,0.707106781186547,-0.707106781186548,-4.28626379701574e-16,-1,-0.707106781186547,-0.707106781186548
-0.292721518987342,0,1,0,0,0,0,1,0,1,0,1,0
-0.291666666666667,0,1,0,0,0,0,0.707106781186548,0.707106781186547,6.12323399573677e-17,1,-0.707106781186547,0.707106781186548
-0.290611814345992,0,1,0,0,0,0,6.12323399573677e-17,1,-1,1.22464679914735e-16,-1.83697019872103e-16,-1
-0.289556962025316,0,1,0,0,0,0,-0.707106781186547,0.707106781186548,-1.83697019872103e-16,-1,0.707106781186548,0.707106781186547
-0.288502109704641,0,1,0,0,0,0,-1,1.22464679914735e-16,1,-2.44929359829471e-16,-1,3.67394039744206e-16
-0.287447257383966,0,1,0,0,0,0,-0.707106781186548,-0.707106781186547,1.19434011948696e-15,1,0.707106781186548,-0.707106781186547
-0.286392405063291,0,1,0,0,0,0,-1.83697019872103e-16,-1,-1,3.67394039744206e-16,5.51091059616309e-16,1
-0.285337552742616,0,1,0,0,0,0,0.707106781186547,-0.707106781186548,-4.28626379701574e-16,-1,-0.707106781186547,-0.707106781186548
-0.284282700421941,0,0,1,0,0,0,1,0,1,0,1,0
-0.283227848101266,0,0,1,0,0,0,0.707106781186548,0.707106781186547,6.12323399573677e-17,1,-0.707106781186547,0.707106781186548
-0.282172995780591,0,0,1,0,0,0,6.12323399573677e-17,1,-1,1.22464679914735e-16,-1.83697019872103e-16,-1
-0.281118143459916,0,0,1,0,0,0,-0.707106781186547,0.707106781186548,-1.83697019872103e-16,-1,0.707106781186548,0.707106781186547
-0.28006329113924,0,0,1,0,0,0,-1,1.22464679914735e-16,1,-2.44929359829471e-16,-1,3.67394039744206e-16
-0.279008438818565,0,0,1,0,0,0,-0.707106781186548,-0.707106781186547,1.19434011948696e-15,1,0.707106781186548,-0.707106781186547
-0.27795358649789,0,0,1,0,0,0,-1.83697019872103e-16,-1,-1,3.67394039744206e-16,5.51091059616309e-16,1
-0.276898734177215,0,0,1,0,0,0,0.707106781186547,-0.707106781186548,-4.28626379701574e-16,-1,-0.707106781186547,-0.707106781186548
-0.27584388185654,0,0,0,1,0,0,1,0,1,0,1,0
-0.274789029535865,0,0,0,1,0,0,0.707106781186548,0.707106781186547,6.12323399573677e-17,1,-0.707106781186547,0.707106781186548
-0.27373417721519,0,0,0,1,0,0,6.12323399573677e-17,1,-1,1.22464679914735e-16,-1.83697019872103e-16,-1
-0.272679324894515,0,0,0,1,0,0,-0.707106781186547,0.707106781186548,-1.83697019872103e-16,-1,0.707106781186548,0.707106781186547
-0.27162447257384,0,0,0,1,0,0,-1,1.22464679914735e-16,1,-2.44929359829471e-16,-1,3.67394039744206e-16
-0.270569620253165,0,0,0,1,0,0,-0.707106781186548,-0.707106781186547,1.19434011948696e-15,1,0.707106781186548,-0.707106781186547
-0.269514767932489,0,0,0,1,0,0,-1.83697019872103e-16,-1,-1,3.67394039744206e-16,5.51091059616309e-16,1
-0.268459915611814,0,0,0,1,0,0,0.707106781186547,-0.707106781186548,-4.28626379701574e-16,-1,-0.707106781186547,-0.707106781186548
-0.267405063291139,0,0,0,0,1,0,1,0,1,0,1,0
-0.266350210970464,0,0,0,0,1,0,0.707106781186548,0.707106781186547,6.12323399573677e-17,1,-0.707106781186547,0.707106781186548
-0.265295358649789,0,0,0,0,1,0,6.12323399573677e-17,1,-1,1.22464679914735e-16,-1.83697019872103e-16,-1
-0.264240506329114,0,0,0,0,1,0,-0.707106781186547,0.707106781186548,-1.83697019872103e-16,-1,0.707106781186548,0.707106781186547
-0.263185654008439,0,0,0,0,1,0,-1,1.22464679914735e-16,1,-2.44929359829471e-16,-1,3.67394039744206e-16
-0.262130801687764,0,0,0,0,1,0,-0.707106781186548,-0.707106781186547,1.19434011948696e-15,1,0.707106781186548,-0.707106781186547
-0.261075949367089,0,0,0,0,1,0,-1.83697019872103e-16,-1,-1,3.67394039744206e-16,5.51091059616309e-16,1
-0.260021097046414,0,0,0,0,1,0,0.707106781186547,-0.707106781186548,-4.28626379701574e-16,-1,-0.707106781186547,-0.707106781186548
-0.258966244725738,0,0,0,0,0,1,1,0,1,0,1,0
-0.257911392405063,0,0,0,0,0,1,0.707106781186548,0.707106781186547,6.12323399573677e-17,1,-0.707106781186547,0.707106781186548
-0.256856540084388,0,0,0,0,0,1,6.12323399573677e-17,1,-1,1.22464679914735e-16,-1.83697019872103e-16,-1
-0.255801687763713,0,0,0,0,0,1,-0.707106781186547,0.707106781186548,-1.83697019872103e-16,-1,0.707106781186548,0.707106781186547
-0.254746835443038,0,0,0,0,0,1,-1,1.22464679914735e-16,1,-2.44929359829471e-16,-1,3.67394039744206e-16
-0.253691983122363,0,0,0,0,0,1,-0.707106781186548,-0.707106781186547,1.19434011948696e-15,1,0.707106781186548,-0.707106781186547
-0.252637130801688,0,0,0,0,0,1,-1.83697019872103e-16,-1,-1,3.67394039744206e-16,5.51091059616309e-16,1
-0.251582278481013,0,0,0,0,0,1,0.707106781186547,-0.707106781186548,-4.28626379701574e-16,-1,-0.707106781186547,-0.707106781186548
-0.250527426160338,0,0,0,0,0,0,1,0,1,0,1,0
-0.249472573839662,0,0,0,0,0,0,0.707106781186548,0.707106781186547,6.12323399573677e-17,1,-0.707106781186547,0.707106781186548
-0.248417721518987,0,0,0,0,0,0,6.12323399573677e-17,1,-1,1.22464679914735e-16,-1.83697019872103e-16,-1
-0.247362869198312,0,0,0,0,0,0,-0.707106781186547,0.707106781186548,-1.83697019872103e-16,-1,0.707106781186548,0.707106781186547
-0.246308016877637,0,0,0,0,0,0,-1,1.22464679914735e-16,1,-2.44929359829471e-16,-1,3.67394039744206e-16
-0.245253164556962,0,0,0,0,0,0,-0.707106781186548,-0.707106781186547,1.19434011948696e-15,1,0.707106781186548,-0.707106781186547
-0.244198312236287,0,0,0,0,0,0,-1.83697019872103e-16,-1,-1,3.67394039744206e-16,5.51091059616309e-16,1
-0.243143459915612,0,0,0,0,0,0,0.707106781186547,-0.707106781186548,-4.28626379701574e-16,-1,-0.707106781186547,-0.707106781186548
-0.242088607594937,1,0,0,0,0,0,1,0,1,0,1,0
-0.241033755274262,1,0,0,0,0,0,0.707106781186548,0.707106781186547,6.12323399573677e-17,1,-0.707106781186547,0.707106781186548
-0.239978902953587,1,0,0,0,0,0,6.12323399573677e-17,1,-1,1.22464679914735e-16,-1.83697019872103e-16,-1
-0.238924050632911,1,0,0,0,0,0,-0.707106781186547,0.707106781186548,-1.83697019872103e-16,-1,0.707106781186548,0.707106781186547
-0.237869198312236,1,0,0,0,0,0,-1,1.22464679914735e-16,1,-2.44929359829471e-16,-1,3.67394039744206e-16
-0.236814345991561,1,0,0,0,0,0,-0.707106781186548,-0.707106781186547,1.19434011948696e-15,1,0.707106781186548,-0.707106781186547
-0.235759493670886,1,0,0,0,0,0,-1.83697019872103e-16,-1,-1,3.67394039744206e-16,5.51091059616309e-16,1
-0.234704641350211,1,0,0,0,0,0,0.707106781186547,-0.707106781186548,-4.28626379701574e-16,-1,-0.707106781186547,-0.707106781186548
-0.233649789029536,0,1,0,0,0,0,1,0,1,0,1,0
-0.232594936708861,0,1,0,0,0,0,0.707106781186548,0.707106781186547,6.12323399573677e-17,1,-0.707106781186547,0.707106781186548
-0.231540084388186,0,1,0,0,0,0,6.12323399573677e-17,1,-1,1.22464679914735e-16,-1.83697019872103e-16,-1
-0.230485232067511,0,1,0,0,0,0,-0.707106781186547,0.707106781186548,-1.83697019872103e-16,-1,0.707106781186548,0.707106781186547
-0.229430379746835,0,1,0,0,0,0,-1,1.22464679914735e-16,1,-2.44929359829471e-16,-1,3.67394039744206e-16
-0.22837552742616,0,1,0,0,0,0,-0.707106781186548,-0.707106781186547,1.19434011948696e-15,1,0.707106781186548,-0.707106781186547
-0.227320675105485,0,1,0,0,0,0,-1.83697019872103e-16,-1,-1,3.67394039744206e-16,5.51091059616309e-16,1
-0.22626582278481,0,1,0,0,0,0,0.707106781186547,-0.707106781186548,-4.28626379701574e-16,-1,-0.707106781186547,-0.707106781186548
-0.225210970464135,0,0,1,0,0,0,1,0,1,0,1,0
-0.22415611814346,0,0,1,0,0,0,0.707106781186548,0.707106781186547,6.12323399573677e-17,1,-0.707106781186547,0.707106781186548
-0.223101265822785,0,0,1,0,0,0,6.12323399573677e-17,1,-1,1.22464679914735e-16,-1.83697019872103e-16,-1
-0.22204641350211,0,0,1,0,0,0,-0.707106781186547,0.707106781186548,-1.83697019872103e-16,-1,0.707106781186548,0.707106781186547
-0.220991561181435,0,0,1,0,0,0,-1,1.22464679914735e-16,1,-2.44929359829471e-16,-1,3.67394039744206e-16
-0.21993670886076,0,0,1,0,0,0,-0.707106781186548,-0.707106781186547,1.19434011948696e-15,1,0.707106781186548,-0.707106781186547
-0.218881856540084,0,0,1,0,0,0,-1.83697019872103e-16,-1,-1,3.67394039744206e-16,5.51091059616309e-16,1
-0.217827004219409,0,0,1,0,0,0,0.707106781186547,-0.707106781186548,-4.28626379701574e-16,-1,-0.707106781186547,-0.707106781186548
-0.216772151898734,0,0,0,1,0,0,1,0,1,0,1,0
-0.215717299578059,0,0,0,1,0,0,0.707106781186548,0.707106781186547,6.12323399573677e-17,1,-0.707106781186547,0.707106781186548
-0.214662447257384,0,0,0,1,0,0,6.12323399573677e-17,1,-1,1.22464679914735e-16,-1.83697019872103e-16,-1
-0.213607594936709,0,0,0,1,0,0,-0.707106781186547,0.707106781186548,-1.83697019872103e-16,-1,0.707106781186548,0.707106781186547
-0.212552742616034,0,0,0,1,0,0,-1,1.22464679914735e-16,1,-2.44929359829471e-16,-1,3.67394039744206e-16
-0.211497890295359,0,0,0,1,0,0,-0.707106781186548,-0.707106781186547,1.19434011948696e-15,1,0.707106781186548,-0.707106781186547
-0.210443037974684,0,0,0,1,0,0,-1.83697019872103e-16,-1,-1,3.67394039744206e-16,5.51091059616309e-16,1
-0.209388185654008,0,0,0,1,0,0,0.707106781186547,-0.707106781186548,-4.28626379701574e-16,-1,-0.707106781186547,-0.707106781186548
-0.208333333333333,0,0,0,0,1,0,1,0,1,0,1,0
-0.207278481012658,0,0,0,0,1,0,0.707106781186548,0.707106781186547,6.12323399573677e-17,1,-0.707106781186547,0.707106781186548
-0.206223628691983,0,0,0,0,1,0,6.12323399573677e-17,1,-1,1.22464679914735e-16,-1.83697019872103e-16,-1
-0.205168776371308,0,0,0,0,1,0,-0.707106781186547,0.707106781186548,-1.83697019872103e-16,-1,0.707106781186548,0.707106781186547
-0.204113924050633,0,0,0,0,1,0,-1,1.22464679914735e-16,1,-2.44929359829471e-16,-1,3.67394039744206e-16
-0.203059071729958,0,0,0,0,1,0,-0.707106781186548,-0.707106781186547,1.19434011948696e-15,1,0.707106781186548,-0.707106781186547
-0.202004219409283,0,0,0,0,1,0,-1.83697019872103e-16,-1,-1,3.67394039744206e-16,5.51091059616309e-16,1
-0.200949367088608,0,0,0,0,1,0,0.707106781186547,-0.707106781186548,-4.28626379701574e-16,-1,-0.707106781186547,-0.707106781186548
-0.199894514767932,0,0,0,0,0,1,1,0,1,0,1,0
-0.198839662447257,0,0,0,0,0,1,0.707106781186548,0.707106781186547,6.12323399573677e-17,1,-0.707106781186547,0.707106781186548
-0.197784810126582,0,0,0,0,0,1,6.12323399573677e-17,1,-1,1.22464679914735e-16,-1.83697019872103e-16,-1
-0.196729957805907,0,0,0,0,0,1,-0.707106781186547,0.707106781186548,-1.83697019872103e-16,-1,0.707106781186548,0.707106781186547
-0.195675105485232,0,0,0,0,0,1,-1,1.22464679914735e-16,1,-2.44929359829471e-16,-1,3.67394039744206e-16
-0.194620253164557,0,0,0,0,0,1,-0.707106781186548,-0.707106781186547,1.19434011948696e-15,1,0.707106781186548,-0.707106781186547
-0.193565400843882,0,0,0,0,0,1,-1.83697019872103e-16,-1,-1,3.67394039744206e-16,5.51091059616309e-16,1
-0.192510548523207,0,0,0,0,0,1,0.707106781186547,-0.707106781186548,-4.28626379701574e-16,-1,-0.707106781186547,-0.707106781186548
-0.191455696202532,0,0,0,0,0,0,1,0,1,0,1,0
-0.190400843881857,0,0,0,0,0,0,0.707106781186548,0.707106781186547,6.12323399573677e-17,1,-0.707106781186547,0.707106781186548
-0.189345991561181,0,0,0,0,0,0,6.12323399573677e-17,1,-1,1.22464679914735e-16,-1.83697019872103e-16,-1
-0.188291139240506,0,0,0,0,0,0,-0.707106781186547,0.707106781186548,-1.83697019872103e-16,-1,0.707106781186548,0.707106781186547
-0.187236286919831,0,0,0,0,0,0,-1,1.22464679914735e-16,1,-2.44929359829471e-16,-1,3.67394039744206e-16
-0.186181434599156,0,0,0,0,0,0,-0.707106781186548,-0.707106781186547,1.19434011948696e-15,1,0.707106781186548,-0.707106781186547
-0.185126582278481,0,0,0,0,0,0,-1.83697019872103e-16,-1,-1,3.67394039744206e-16,5.51091059616309e-16,1
-0.184071729957806,0,0,0,0,0,0,0.707106781186547,-0.707106781186548,-4.28626379701574e-16,-1,-0.707106781186547,-0.707106781186548
-0.183016877637131,1,0,0,0,0,0,1,0,1,0,1,0
-0.181962025316456,1,0,0,0,0,0,0.707106781186548,0.707106781186547,6.12323399573677e-17,1,-0.707106781186547,0.707106781186548
-0.180907172995781,1,0,0,0,0,0,6.12323399573677e-17,1,-1,1.22464679914735e-16,-1.83697019872103e-16,-1
-0.179852320675105,1,0,0,0,0,0,-0.707106781186547,0.707106781186548,-1.83697019872103e-16,-1,0.707106781186548,0.707106781186547
-0.17879746835443,1,0,0,0,0,0,-1,1.22464679914735e-16,1,-2.44929359829471e-16,-1,3.67394039744206e-16
-0.177742616033755,1,0,0,0,0,0,-0.707106781186548,-0.707106781186547,1.19434011948696e-15,1,0.707106781186548,-0.707106781186547
-0.17668776371308,1,0,0,0,0,0,-1.83697019872103e-16,-1,-1,3.67394039744206e-16,5.51091059616309e-16,1
-0.175632911392405,1,0,0,0,0,0,0.707106781186547,-0.707106781186548,-4.28626379701574e-16,-1,-0.707106781186547,-0.707106781186548
-0.17457805907173,0,1,0,0,0,0,1,0,1,0,1,0
-0.173523206751055,0,1,0,0,0,0,0.707106781186548,0.707106781186547,6.12323399573677e-17,1,-0.707106781186547,0.707106781186548
-0.17246835443038,0,1,0,0,0,0,6.12323399573677e-17,1,-1,1.22464679914735e-16,-1.83697019872103e-16,-1
-0.171413502109705,0,1,0,0,0,0,-0.707106781186547,0.707106781186548,-1.83697019872103e-16,-1,0.707106781186548,0.707106781186547
-0.17035864978903,0,1,0,0,0,0,-1,1.22464679914735e-16,1,-2.44929359829471e-16,-1,3.67394039744206e-16
-0.169303797468354,0,1,0,0,0,0,-0.707106781186548,-0.707106781186547,1.19434011948696e-15,1,0.707106781186548,-0.707106781186547
-0.168248945147679,0,1,0,0,0,0,-1.83697019872103e-16,-1,-1,3.67394039744206e-16,5.51091059616309e-16,1
-0.167194092827004,0,1,0,0,0,0,0.707106781186547,-0.707106781186548,-4.28626379701574e-16,-1,-0.707106781186547,-0.707106781186548
-0.166139240506329,0,0,1,0,0,0,1,0,1,0,1,0
-0.165084388185654,0,0,1,0,0,0,0.707106781186548,0.707106781186547,6.12323399573677e-17,1,-0.707106781186547,0.707106781186548
-0.164029535864979,0,0,1,0,0,0,6.12323399573677e-17,1,-1,1.22464679914735e-16,-1.83697019872103e-16,-1
-0.162974683544304,0,0,1,0,0,0,-0.707106781186547,0.707106781186548,-1.83697019872103e-16,-1,0.707106781186548,0.707106781186547
-0.161919831223629,0,0,1,0,0,0,-1,1.22464679914735e-16,1,-2.44929359829471e-16,-1,3.67394039744206e-16
-0.160864978902954,0,0,1,0,0,0,-0.707106781186548,-0.707106781186547,1.19434011948696e-15,1,0.707106781186548,-0.707106781186547
-0.159810126582278,0,0,1,0,0,0,-1.83697019872103e-16,-1,-1,3.67394039744206e-16,5.51091059616309e-16,1
-0.158755274261603,0,0,1,0,0,0,0.707106781186547,-0.707106781186548,-4.28626379701574e-16,-1,-0.707106781186547,-0.707106781186548
-0.157700421940928,0,0,0,1,0,0,1,0,1,0,1,0
-0.156645569620253,0,0,0,1,0,0,0.707106781186548,0.707106781186547,6.12323399573677e-17,1,-0.707106781186547,0.707106781186548
-0.155590717299578,0,0,0,1,0,0,6.12323399573677e-17,1,-1,1.22464679914735e-16,-1.83697019872103e-16,-1
-0.154535864978903,0,0,0,1,0,0,-0.707106781186547,0.707106781186548,-1.83697019872103e-16,-1,0.707106781186548,0.707106781186547
-0.153481012658228,0,0,0,1,0,0,-1,1.22464679914735e-16,1,-2.44929359829471e-16,-1,3.67394039744206e-16
-0.152426160337553,0,0,0,1,0,0,-0.707106781186548,-0.707106781186547,1.19434011948696e-15,1,0.707106781186548,-0.707106781186547
-0.151371308016878,0,0,0,1,0,0,-1.83697019872103e-16,-1,-1,3.67394039744206e-16,5.51091059616309e-16,1
-0.150316455696203,0,0,0,1,0,0,0.707106781186547,-0.707106781186548,-4.28626379701574e-16,-1,-0.707106781186547,-0.707106781186548
-0.149261603375527,0,0,0,0,1,0,1,0,1,0,1,0
-0.148206751054852,0,0,0,0,1,0,0.707106781186548,0.707106781186547,6.12323399573677e-17,1,-0.707106781186547,0.707106781186548
-0.147151898734177,0,0,0,0,1,0,6.12323399573677e-17,1,-1,1.22464679914735e-16,-1.83697019872103e-16,-1
-0.146097046413502,0,0,0,0,1,0,-0.707106781186547,0.707106781186548,-1.83697019872103e-16,-1,0.707106781186548,0.707106781186547
-0.145042194092827,0,0,0,0,1,0,-1,1.22464679914735e-16,1,-2.44929359829471e-16,-1,3.67394039744206e-16
-0.143987341772152,0,0,0,0,1,0,-0.707106781186548,-0.707106781186547,1.19434011948696e-15,1,0.707106781186548,-0.707106781186547
-0.142932489451477,0,0,0,0,1,0,-1.83697019872103e-16,-1,-1,3.67394039744206e-16,5.51091059616309e-16,1
-0.141877637130802,0,0,0,0,1,0,0.707106781186547,-0.707106781186548,-4.28626379701574e-16,-1,-0.707106781186547,-0.707106781186548
-0.140822784810127,0,0,0,0,0,1,1,0,1,0,1,0
-0.139767932489451,0,0,0,0,0,1,0.707106781186548,0.707106781186547,6.12323399573677e-17,1,-0.707106781186547,0.707106781186548
-0.138713080168776,0,0,0,0,0,1,6.12323399573677e-17,1,-1,1.22464679914735e-16,-1.83697019872103e-16,-1
-0.137658227848101,0,0,0,0,0,1,-0.707106781186547,0.707106781186548,-1.83697019872103e-16,-1,0.707106781186548,0.707106781186547
-0.136603375527426,0,0,0,0,0,1,-1,1.22464679914735e-16,1,-2.44929359829471e-16,-1,3.67394039744206e-16
-0.135548523206751,0,0,0,0,0,1,-0.707106781186548,-0.707106781186547,1.19434011948696e-15,1,0.707106781186548,-0.707106781186547
-0.134493670886076,0,0,0,0,0,1,-1.83697019872103e-16,-1,-1,3.67394039744206e-16,5.51091059616309e-16,1
-0.133438818565401,0,0,0,0,0,1,0.707106781186547,-0.707106781186548,-4.28626379701574e-16,-1,-0.707106781186547,-0.707106781186548
-0.132383966244726,0,0,0,0,0,0,1,0,1,0,1,0
-0.131329113924051,0,0,0,0,0,0,0.707106781186548,0.707106781186547,6.12323399573677e-17,1,-0.707106781186547,0.707106781186548
-0.130274261603376,0,0,0,0,0,0,6.12323399573677e-17,1,-1,1.22464679914735e-16,-1.83697019872103e-16,-1
-0.1292194092827,0,0,0,0,0,0,-0.707106781186547,0.707106781186548,-1.83697019872103e-16,-1,0.707106781186548,0.707106781186547
-0.128164556962025,0,0,0,0,0,0,-1,1.22464679914735e-16,1,-2.44929359829471e-16,-1,3.67394039744206e-16
-0.12710970464135,0,0,0,0,0,0,-0.707106781186548,-0.707106781186547,1.19434011948696e-15,1,0.707106781186548,-0.707106781186547
-0.126054852320675,0,0,0,0,0,0,-1.83697019872103e-16,-1,-1,3.67394039744206e-16,5.51091059616309e-16,1
-0.125,0,0,0,0,0,0,0.707106781186547,-0.707106781186548,-4.28626379701574e-16,-1,-0.707106781186547,-0.707106781186548
-0.123945147679325,1,0,0,0,0,0,1,0,1,0,1,0
-0.12289029535865,1,0,0,0,0,0,0.707106781186548,0.707106781186547,6.12323399573677e-17,1,-0.707106781186547,0.707106781186548
-0.121835443037975,1,0,0,0,0,0,6.12323399573677e-17,1,-1,1.22464679914735e-16,-1.83697019872103e-16,-1
-0.1207805907173,1,0,0,0,0,0,-0.707106781186547,0.707106781186548,-1.83697019872103e-16,-1,0.707106781186548,0.707106781186547
-0.119725738396624,1,0,0,0,0,0,-1,1.22464679914735e-16,1,-2.44929359829471e-16,-1,3.67394039744206e-16
-0.118670886075949,1,0,0,0,0,0,-0.707106781186548,-0.707106781186547,1.19434011948696e-15,1,0.707106781186548,-0.707106781186547
-0.117616033755274,1,0,0,0,0,0,-1.83697019872103e-16,-1,-1,3.67394039744206e-16,5.51091059616309e-16,1
-0.116561181434599,1,0,0,0,0,0,0.707106781186547,-0.707106781186548,-4.28626379701574e-16,-1,-0.707106781186547,-0.707106781186548
-0.115506329113924,0,1,0,0,0,0,1,0,1,0,1,0
-0.114451476793249,0,1,0,0,0,0,0.707106781186548,0.707106781186547,6.12323399573677e-17,1,-0.707106781186547,0.707106781186548
-0.113396624472574,0,1,0,0,0,0,6.12323399573677e-17,1,-1,1.22464679914735e-16,-1.83697019872103e-16,-1
-0.112341772151899,0,1,0,0,0,0,-0.707106781186547,0.707106781186548,-1.83697019872103e-16,-1,0.707106781186548,0.707106781186547
-0.111286919831224,0,1,0,0,0,0,-1,1.22464679914735e-16,1,-2.44929359829471e-16,-1,3.67394039744206e-16
-0.110232067510549,0,1,0,0,0,0,-0.707106781186548,-0.707106781186547,1.19434011948696e-15,1,0.707106781186548,-0.707106781186547
-0.109177215189873,0,1,0,0,0,0,-1.83697019872103e-16,-1,-1,3.67394039744206e-16,5.51091059616309e-16,1
-0.108122362869198,0,1,0,0,0,0,0.707106781186547,-0.707106781186548,-4.28626379701574e-16,-1,-0.707106781186547,-0.707106781186548
-0.107067510548523,0,0,1,0,0,0,1,0,1,0,1,0
-0.106012658227848,0,0,1,0,0,0,0.707106781186548,0.707106781186547,6.12323399573677e-17,1,-0.707106781186547,0.707106781186548
-0.104957805907173,0,0,1,0,0,0,6.12323399573677e-17,1,-1,1.22464679914735e-16,-1.83697019872103e-16,-1
-0.103902953586498,0,0,1,0,0,0,-0.707106781186547,0.707106781186548,-1.83697019872103e-16,-1,0.707106781186548,0.707106781186547
-0.102848101265823,0,0,1,0,0,0,-1,1.22464679914735e-16,1,-2.44929359829471e-16,-1,3.67394039744206e-16
-0.101793248945148,0,0,1,0,0,0,-0.707106781186548,-0.707106781186547,1.19434011948696e-15,1,0.707106781186548,-0.707106781186547
-0.100738396624473,0,0,1,0,0,0,-1.83697019872103e-16,-1,-1,3.67394039744206e-16,5.51091059616309e-16,1
-0.0996835443037975,0,0,1,0,0,0,0.707106781186547,-0.707106781186548,-4.28626379701574e-16,-1,-0.707106781186547,-0.707106781186548
-0.0986286919831224,0,0,0,1,0,0,1,0,1,0,1,0
-0.0975738396624473,0,0,0,1,0,0,0.707106781186548,0.707106781186547,6.12323399573677e-17,1,-0.707106781186547,0.707106781186548
-0.0965189873417722,0,0,0,1,0,0,6.12323399573677e-17,1,-1,1.22464679914735e-16,-1.83697019872103e-16,-1
-0.095464135021097,0,0,0,1,0,0,-0.707106781186547,0.707106781186548,-1.83697019872103e-16,-1,0.707106781186548,0.707106781186547
-0.0944092827004219,0,0,0,1,0,0,-1,1.22464679914735e-16,1,-2.44929359829471e-16,-1,3.67394039744206e-16
-0.0933544303797468,0,0,0,1,0,0,-0.707106781186548,-0.707106781186547,1.19434011948696e-15,1,0.707106781186548,-0.707106781186547
-0.0922995780590717,0,0,0,1,0,0,-1.83697019872103e-16,-1,-1,3.67394039744206e-16,5.51091059616309e-16,1
-0.0912447257383966,0,0,0,1,0,0,0.707106781186547,-0.707106781186548,-4.28626379701574e-16,-1,-0.707106781186547,-0.707106781186548
-0.0901898734177215,0,0,0,0,1,0,1,0,1,0,1,0
-0.0891350210970464,0,0,0,0,1,0,0.707106781186548,0.707106781186547,6.12323399573677e-17,1,-0.707106781186547,0.707106781186548
-0.0880801687763713,0,0,0,0,1,0,6.12323399573677e-17,1,-1,1.22464679914735e-16,-1.83697019872103e-16,-1
-0.0870253164556962,0,0,0,0,1,0,-0.707106781186547,0.707106781186548,-1.83697019872103e-16,-1,0.707106781186548,0.707106781186547
-0.0859704641350211,0,0,0,0,1,0,-1,1.22464679914735e-16,1,-2.44929359829471e-16,-1,3.67394039744206e-16
-0.084915611814346,0,0,0,0,1,0,-0.707106781186548,-0.707106781186547,1.19434011948696e-15,1,0.707106781186548,-0.707106781186547
-0.0838607594936709,0,0,0,0,1,0,-1.83697019872103e-16,-1,-1,3.67394039744206e-16,5.51091059616309e-16,1
-0.0828059071729958,0,0,0,0,1,0,0.707106781186547,-0.707106781186548,-4.28626379701574e-16,-1,-0.707106781186547,-0.707106781186548
-0.0817510548523207,0,0,0,0,0,1,1,0,1,0,1,0
-0.0806962025316456,0,0,0,0,0,1,0.707106781186548,0.707106781186547,6.12323399573677e-17,1,-0.707106781186547,0.707106781186548
-0.0796413502109705,0,0,0,0,0,1,6.12323399573677e-17,1,-1,1.22464679914735e-16,-1.83697019872103e-16,-1
-0.0785864978902954,0,0,0,0,0,1,-0.707106781186547,0.707106781186548,-1.83697019872103e-16,-1,0.707106781186548,0.707106781186547
-0.0775316455696203,0,0,0,0,0,1,-1,1.22464679914735e-16,1,-2.44929359829471e-16,-1,3.67394039744206e-16
-0.0764767932489451,0,0,0,0,0,1,-0.707106781186548,-0.707106781186547,1.19434011948696e-15,1,0.707106781186548,-0.707106781186547
-0.07542194092827,0,0,0,0,0,1,-1.83697019872103e-16,-1,-1,3.67394039744206e-16,5.51091059616309e-16,1
-0.0743670886075949,0,0,0,0,0,1,0.707106781186547,-0.707106781186548,-4.28626379701574e-16,-1,-0.707106781186547,-0.707106781186548
-0.0733122362869198,0,0,0,0,0,0,1,0,1,0,1,0
-0.0722573839662447,0,0,0,0,0,0,0.707106781186548,0.707106781186547,6.12323399573677e-17,1,-0.707106781186547,0.707106781186548
-0.0712025316455696,0,0,0,0,0,0,6.12323399573677e-17,1,-1,1.22464679914735e-16,-1.83697019872103e-16,-1
-0.0701476793248945,0,0,0,0,0,0,-0.707106781186547,0.707106781186548,-1.83697019872103e-16,-1,0.707106781186548,0.707106781186547
-0.0690928270042194,0,0,0,0,0,0,-1,1.22464679914735e-16,1,-2.44929359829471e-16,-1,3.67394039744206e-16
-0.0680379746835443,0,0,0,0,0,0,-0.707106781186548,-0.707106781186547,1.19434011948696e-15,1,0.707106781186548,-0.707106781186547
-0.0669831223628692,0,0,0,0,0,0,-1.83697019872103e-16,-1,-1,3.67394039744206e-16,5.51091059616309e-16,1
-0.0659282700421941,0,0,0,0,0,0,0.707106781186547,-0.707106781186548,-4.28626379701574e-16,-1,-0.707106781186547,-0.707106781186548
-0.064873417721519,1,0,0,0,0,0,1,0,1,0,1,0
-0.0638185654008439,1,0,0,0,0,0,0.707106781186548,0.707106781186547,6.12323399573677e-17,1,-0.707106781186547,0.707106781186548
-0.0627637130801688,1,0,0,0,0,0,6.12323399573677e-17,1,-1,1.22464679914735e-16,-1.83697019872103e-16,-1
-0.0617088607594937,1,0,0,0,0,0,-0.707106781186547,0.707106781186548,-1.83697019872103e-16,-1,0.707106781186548,0.707106781186547
-0.0606540084388186,1,0,0,0,0,0,-1,1.22464679914735e-16,1,-2.44929359829471e-16,-1,3.67394039744206e-16
-0.0595991561181435,1,0,0,0,0,0,-0.707106781186548,-0.707106781186547,1.19434011948696e-15,1,0.707106781186548,-0.707106781186547
-0.0585443037974684,1,0,0,0,0,0,-1.83697019872103e-16,-1,-1,3.67394039744206e-16,5.51091059616309e-16,1
-0.0574894514767932,1,0,0,0,0,0,0.707106781186547,-0.707106781186548,-4.28626379701574e-16,-1,-0.707106781186547,-0.707106781186548
-0.0564345991561181,0,1,0,0,0,0,1,0,1,0,1,0
-0.055379746835443,0,1,0,0,0,0,0.707106781186548,0.707106781186547,6.12323399573677e-17,1,-0.707106781186547,0.707106781186548
-0.0543248945147679,0,1,0,0,0,0,6.12323399573677e-17,1,-1,1.22464679914735e-16,-1.83697019872103e-16,-1
-0.0532700421940928,0,1,0,0,0,0,-0.707106781186547,0.707106781186548,-1.83697019872103e-16,-1,0.707106781186548,0.707106781186547
-0.0522151898734177,0,1,0,0,0,0,-1,1.22464679914735e-16,1,-2.44929359829471e-16,-1,3.67394039744206e-16
-0.0511603375527426,0,1,0,0,0,0,-0.707106781186548,-0.707106781186547,1.19434011948696e-15,1,0.707106781186548,-0.707106781186547
-0.0501054852320675,0,1,0,0,0,0,-1.83697019872103e-16,-1,-1,3.67394039744206e-16,5.51091059616309e-16,1
-0.0490506329113924,0,1,0,0,0,0,0.707106781186547,-0.707106781186548,-4.28626379701574e-16,-1,-0.707106781186547,-0.707106781186548
-0.0479957805907173,0,0,1,0,0,0,1,0,1,0,1,0
-0.0469409282700422,0,0,1,0,0,0,0.707106781186548,0.707106781186547,6.12323399573677e-17,1,-0.707106781186547,0.707106781186548
-0.0458860759493671,0,0,1,0,0,0,6.12323399573677e-17,1,-1,1.22464679914735e-16,-1.83697019872103e-16,-1
-0.044831223628692,0,0,1,0,0,0,-0.707106781186547,0.707106781186548,-1.83697019872103e-16,-1,0.707106781186548,0.707106781186547
-0.0437763713080169,0,0,1,0,0,0,-1,1.22464679914735e-16,1,-2.44929359829471e-16,-1,3.67394039744206e-16
-0.0427215189873418,0,0,1,0,0,0,-0.707106781186548,-0.707106781186547,1.19434011948696e-15,1,0.707106781186548,-0.707106781186547
-0.0416666666666667,0,0,1,0,0,0,-1.83697019872103e-16,-1,-1,3.67394039744206e-16,5.51091059616309e-16,1
-0.0406118143459916,0,0,1,0,0,0,0.707106781186547,-0.707106781186548,-4.28626379701574e-16,-1,-0.707106781186547,-0.707106781186548
-0.0395569620253165,0,0,0,1,0,0,1,0,1,0,1,0
-0.0385021097046414,0,0,0,1,0,0,0.707106781186548,0.707106781186547,6.12323399573677e-17,1,-0.707106781186547,0.707106781186548
-0.0374472573839662,0,0,0,1,0,0,6.12323399573677e-17,1,-1,1.22464679914735e-16,-1.83697019872103e-16,-1
-0.0363924050632911,0,0,0,1,0,0,-0.707106781186547,0.707106781186548,-1.83697019872103e-16,-1,0.707106781186548,0.707106781186547
-0.035337552742616,0,0,0,1,0,0,-1,1.22464679914735e-16,1,-2.44929359829471e-16,-1,3.67394039744206e-16
-0.0342827004219409,0,0,0,1,0,0,-0.707106781186548,-0.707106781186547,1.19434011948696e-15,1,0.707106781186548,-0.707106781186547
-0.0332278481012658,0,0,0,1,0,0,-1.83697019872103e-16,-1,-1,3.67394039744206e-16,5.51091059616309e-16,1
-0.0321729957805907,0,0,0,1,0,0,0.707106781186547,-0.707106781186548,-4.28626379701574e-16,-1,-0.707106781186547,-0.707106781186548
-0.0311181434599156,0,0,0,0,1,0,1,0,1,0,1,0
-0.0300632911392405,0,0,0,0,1,0,0.707106781186548,0.707106781186547,6.12323399573677e-17,1,-0.707106781186547,0.707106781186548
-0.0290084388185654,0,0,0,0,1,0,6.12323399573677e-17,1,-1,1.22464679914735e-16,-1.83697019872103e-16,-1
-0.0279535864978903,0,0,0,0,1,0,-0.707106781186547,0.707106781186548,-1.83697019872103e-16,-1,0.707106781186548,0.707106781186547
-0.0268987341772152,0,0,0,0,1,0,-1,1.22464679914735e-16,1,-2.44929359829471e-16,-1,3.67394039744206e-16
-0.0258438818565401,0,0,0,0,1,0,-0.707106781186548,-0.707106781186547,1.19434011948696e-15,1,0.707106781186548,-0.707106781186547
-0.024789029535865,0,0,0,0,1,0,-1.83697019872103e-16,-1,-1,3.67394039744206e-16,5.51091059616309e-16,1
-0.0237341772151899,0,0,0,0,1,0,0.707106781186547,-0.707106781186548,-4.28626379701574e-16,-1,-0.707106781186547,-0.707106781186548
-0.0226793248945148,0,0,0,0,0,1,1,0,1,0,1,0
-0.0216244725738397,0,0,0,0,0,1,0.707106781186548,0.707106781186547,6.12323399573677e-17,1,-0.707106781186547,0.707106781186548
-0.0205696202531646,0,0,0,0,0,1,6.12323399573677e-17,1,-1,1.22464679914735e-16,-1.83697019872103e-16,-1
-0.0195147679324895,0,0,0,0,0,1,-0.707106781186547,0.707106781186548,-1.83697019872103e-16,-1,0.707106781186548,0.707106781186547
-0.0184599156118143,0,0,0,0,0,1,-1,1.22464679914735e-16,1,-2.44929359829471e-16,-1,3.67394039744206e-16
-0.0174050632911392,0,0,0,0,0,1,-0.707106781186548,-0.707106781186547,1.19434011948696e-15,1,0.707106781186548,-0.707106781186547
-0.0163502109704641,0,0,0,0,0,1,-1.83697019872103e-16,-1,-1,3.67394039744206e-16,5.51091059616309e-16,1
-0.015295358649789,0,0,0,0,0,1,0.707106781186547,-0.707106781186548,-4.28626379701574e-16,-1,-0.707106781186547,-0.707106781186548
-0.0142405063291139,0,0,0,0,0,0,1,0,1,0,1,0
-0.0131856540084388,0,0,0,0,0,0,0.707106781186548,0.707106781186547,6.12323399573677e-17,1,-0.707106781186547,0.707106781186548
-0.0121308016877637,0,0,0,0,0,0,6.12323399573677e-17,1,-1,1.22464679914735e-16,-1.83697019872103e-16,-1
-0.0110759493670886,0,0,0,0,0,0,-0.707106781186547,0.707106781186548,-1.83697019872103e-16,-1,0.707106781186548,0.707106781186547
-0.0100210970464135,0,0,0,0,0,0,-1,1.22464679914735e-16,1,-2.44929359829471e-16,-1,3.67394039744206e-16
-0.0089662447257384,0,0,0,0,0,0,-0.707106781186548,-0.707106781186547,1.19434011948696e-15,1,0.707106781186548,-0.707106781186547
-0.00791139240506329,0,0,0,0,0,0,-1.83697019872103e-16,-1,-1,3.67394039744206e-16,5.51091059616309e-16,1
-0.00685654008438819,0,0,0,0,0,0,0.707106781186547,-0.707106781186548,-4.28626379701574e-16,-1,-0.707106781186547,-0.707106781186548
-0.00580168776371308,1,0,0,0,0,0,1,0,1,0,1,0
-0.00474683544303797,1,0,0,0,0,0,0.707106781186548,0.707106781186547,6.12323399573677e-17,1,-0.707106781186547,0.707106781186548
-0.00369198312236287,1,0,0,0,0,0,6.12323399573677e-17,1,-1,1.22464679914735e-16,-1.83697019872103e-16,-1
-0.00263713080168776,1,0,0,0,0,0,-0.707106781186547,0.707106781186548,-1.83697019872103e-16,-1,0.707106781186548,0.707106781186547
-0.00158227848101266,1,0,0,0,0,0,-1,1.22464679914735e-16,1,-2.44929359829471e-16,-1,3.67394039744206e-16
-0.000527426160337553,1,0,0,0,0,0,-0.707106781186548,-0.707106781186547,1.19434011948696e-15,1,0.707106781186548,-0.707106781186547
0.000527426160337553,1,0,0,0,0,0,-1.83697019872103e-16,-1,-1,3.67394039744206e-16,5.51091059616309e-16,1
0.00158227848101266,1,0,0,0,0,0,0.707106781186547,-0.707106781186548,-4.28626379701574e-16,-1,-0.707106781186547,-0.707106781186548
0.00263713080168776,0,1,0,0,0,0,1,0,1,0,1,0
0.00369198312236287,0,1,0,0,0,0,0.707106781186548,0.707106781186547,6.12323399573677e-17,1,-0.707106781186547,0.707106781186548
0.00474683544303797,0,1,0,0,0,0,6.12323399573677e-17,1,-1,1.22464679914735e-16,-1.83697019872103e-16,-1
0.00580168776371308,0,1,0,0,0,0,-0.707106781186547,0.707106781186548,-1.83697019872103e-16,-1,0.707106781186548,0.707106781186547
0.00685654008438819,0,1,0,0,0,0,-1,1.22464679914735e-16,1,-2.44929359829471e-16,-1,3.67394039744206e-16
0.00791139240506329,0,1,0,0,0,0,-0.707106781186548,-0.707106781186547,1.19434011948696e-15,1,0.707106781186548,-0.707106781186547
0.0089662447257384,0,1,0,0,0,0,-1.83697019872103e-16,-1,-1,3.67394039744206e-16,5.51091059616309e-16,1
0.0100210970464135,0,1,0,0,0,0,0.707106781186547,-0.707106781186548,-4.28626379701574e-16,-1,-0.707106781186547,-0.707106781186548
0.0110759493670886,0,0,1,0,0,0,1,0,1,0,1,0
0.0121308016877637,0,0,1,0,0,0,0.707106781186548,0.707106781186547,6.12323399573677e-17,1,-0.707106781186547,0.707106781186548
0.0131856540084388,0,0,1,0,0,0,6.12323399573677e-17,1,-1,1.22464679914735e-16,-1.83697019872103e-16,-1
0.0142405063291139,0,0,1,0,0,0,-0.707106781186547,0.707106781186548,-1.83697019872103e-16,-1,0.707106781186548,0.707106781186547
0.015295358649789,0,0,1,0,0,0,-1,1.22464679914735e-16,1,-2.44929359829471e-16,-1,3.67394039744206e-16
0.0163502109704641,0,0,1,0,0,0,-0.707106781186548,-0.707106781186547,1.19434011948696e-15,1,0.707106781186548,-0.707106781186547
0.0174050632911392,0,0,1,0,0,0,-1.83697019872103e-16,-1,-1,3.67394039744206e-16,5.51091059616309e-16,1
0.0184599156118143,0,0,1,0,0,0,0.707106781186547,-0.707106781186548,-4.28626379701574e-16,-1,-0.707106781186547,-0.707106781186548
0.0195147679324895,0,0,0,1,0,0,1,0,1,0,1,0
0.0205696202531646,0,0,0,1,0,0,0.707106781186548,0.707106781186547,6.12323399573677e-17,1,-0.707106781186547,0.707106781186548
0.0216244725738397,0,0,0,1,0,0,6.12323399573677e-17,1,-1,1.22464679914735e-16,-1.83697019872103e-16,-1
0.0226793248945148,0,0,0,1,0,0,-0.707106781186547,0.707106781186548,-1.83697019872103e-16,-1,0.707106781186548,0.707106781186547
0.0237341772151899,0,0,0,1,0,0,-1,1.22464679914735e-16,1,-2.44929359829471e-16,-1,3.67394039744206e-16
0.024789029535865,0,0,0,1,0,0,-0.707106781186548,-0.707106781186547,1.19434011948696e-15,1,0.707106781186548,-0.707106781186547
0.0258438818565401,0,0,0,1,0,0,-1.83697019872103e-16,-1,-1,3.67394039744206e-16,5.51091059616309e-16,1
0.0268987341772152,0,0,0,1,0,0,0.707106781186547,-0.707106781186548,-4.28626379701574e-16,-1,-0.707106781186547,-0.707106781186548
0.0279535864978903,0,0,0,0,1,0,1,0,1,0,1,0
0.0290084388185654,0,0,0,0,1,0,0.707106781186548,0.707106781186547,6.12323399573677e-17,1,-0.707106781186547,0.707106781186548
0.0300632911392405,0,0,0,0,1,0,6.12323399573677e-17,1,-1,1.22464679914735e-16,-1.83697019872103e-16,-1
0.0311181434599156,0,0,0,0,1,0,-0.707106781186547,0.707106781186548,-1.83697019872103e-16,-1,0.707106781186548,0.707106781186547
0.0321729957805907,0,0,0,0,1,0,-1,1.22464679914735e-16,1,-2.44929359829471e-16,-1,3.67394039744206e-16
0.0332278481012658,0,0,0,0,1,0,-0.707106781186548,-0.707106781186547,1.19434011948696e-15,1,0.707106781186548,-0.707106781186547
0.0342827004219409,0,0,0,0,1,0,-1.83697019872103e-16,-1,-1,3.67394039744206e-16,5.51091059616309e-16,1
0.035337552742616,0,0,0,0,1,0,0.707106781186547,-0.707106781186548,-4.28626379701574e-16,-1,-0.707106781186547,-0.707106781186548
0.0363924050632911,0,0,0,0,0,1,1,0,1,0,1,0
0.0374472573839662,0,0,0,0,0,1,0.707106781186548,0.707106781186547,6.12323399573677e-17,1,-0.707106781186547,0.707106781186548
0.0385021097046414,0,0,0,0,0,1,6.12323399573677e-17,1,-1,1.22464679914735e-16,-1.83697019872103e-16,-1
0.0395569620253165,0,0,0,0,0,1,-0.707106781186547,0.707106781186548,-1.83697019872103e-16,-1,0.707106781186548,0.707106781186547
0.0406118143459916,0,0,0,0,0,1,-1,1.22464679914735e-16,1,-2.44929359829471e-16,-1,3.67394039744206e-16
0.0416666666666667,0,0,0,0,0,1,-0.707106781186548,-0.707106781186547,1.19434011948696e-15,1,0.707106781186548,-0.707106781186547
0.0427215189873418,0,0,0,0,0,1,-1.83697019872103e-16,-1,-1,3.67394039744206e-16,5.51091059616309e-16,1
0.0437763713080169,0,0,0,0,0,1,0.707106781186547,-0.707106781186548,-4.28626379701574e-16,-1,-0.707106781186547,-0.707106781186548
0.044831223628692,0,0,0,0,0,0,1,0,1,0,1,0
0.0458860759493671,0,0,0,0,0,0,0.707106781186548,0.707106781186547,6.12323399573677e-17,1,-0.707106781186547,0.707106781186548
0.0469409282700422,0,0,0,0,0,0,6.12323399573677e-17,1,-1,1.22464679914735e-16,-1.83697019872103e-16,-1
0.0479957805907173,0,0,0,0,0,0,-0.707106781186547,0.707106781186548,-1.83697019872103e-16,-1,0.707106781186548,0.707106781186547
0.0490506329113924,0,0,0,0,0,0,-1,1.22464679914735e-16,1,-2.44929359829471e-16,-1,3.67394039744206e-16
0.0501054852320675,0,0,0,0,0,0,-0.707106781186548,-0.707106781186547,1.19434011948696e-15,1,0.707106781186548,-0.707106781186547
0.0511603375527426,0,0,0,0,0,0,-1.83697019872103e-16,-1,-1,3.67394039744206e-16,5.51091059616309e-16,1
0.0522151898734177,0,0,0,0,0,0,0.707106781186547,-0.707106781186548,-4.28626379701574e-16,-1,-0.707106781186547,-0.707106781186548
0.0532700421940928,1,0,0,0,0,0,1,0,1,0,1,0
0.0543248945147679,1,0,0,0,0,0,0.707106781186548,0.707106781186547,6.12323399573677e-17,1,-0.707106781186547,0.707106781186548
0.055379746835443,1,0,0,0,0,0,6.12323399573677e-17,1,-1,1.22464679914735e-16,-1.83697019872103e-16,-1
0.0564345991561181,1,0,0,0,0,0,-0.707106781186547,0.707106781186548,-1.83697019872103e-16,-1,0.707106781186548,0.707106781186547
0.0574894514767932,1,0,0,0,0,0,-1,1.22464679914735e-16,1,-2.44929359829471e-16,-1,3.67394039744206e-16
0.0585443037974684,1,0,0,0,0,0,-0.707106781186548,-0.707106781186547,1.19434011948696e-15,1,0.707106781186548,-0.707106781186547
0.0595991561181435,1,0,0,0,0,0,-1.83697019872103e-16,-1,-1,3.67394039744206e-16,5.51091059616309e-16,1
0.0606540084388186,1,0,0,0,0,0,0.707106781186547,-0.707106781186548,-4.28626379701574e-16,-1,-0.707106781186547,-0.707106781186548
0.0617088607594937,0,1,0,0,0,0,1,0,1,0,1,0
0.0627637130801688,0,1,0,0,0,0,0.707106781186548,0.707106781186547,6.12323399573677e-17,1,-0.707106781186547,0.707106781186548
0.0638185654008439,0,1,0,0,0,0,6.12323399573677e-17,1,-1,1.22464679914735e-16,-1.83697019872103e-16,-1
0.064873417721519,0,1,0,0,0,0,-0.707106781186547,0.707106781186548,-1.83697019872103e-16,-1,0.707106781186548,0.707106781186547
0.0659282700421941,0,1,0,0,0,0,-1,1.22464679914735e-16,1,-2.44929359829471e-16,-1,3.67394039744206e-16
0.0669831223628692,0,1,0,0,0,0,-0.707106781186548,-0.707106781186547,1.19434011948696e-15,1,0.707106781186548,-0.707106781186547
0.0680379746835443,0,1,0,0,0,0,-1.83697019872103e-16,-1,-1,3.67394039744206e-16,5.51091059616309e-16,1
0.0690928270042194,0,1,0,0,0,0,0.707106781186547,-0.707106781186548,-4.28626379701574e-16,-1,-0.707106781186547,-0.707106781186548
0.0701476793248945,0,0,1,0,0,0,1,0,1,0,1,0
0.0712025316455696,0,0,1,0,0,0,0.707106781186548,0.707106781186547,6.12323399573677e-17,1,-0.707106781186547,0.707106781186548
0.0722573839662447,0,0,1,0,0,0,6.12323399573677e-17,1,-1,1.22464679914735e-16,-1.83697019872103e-16,-1
0.0733122362869198,0,0,1,0,0,0,-0.707106781186547,0.707106781186548,-1.83697019872103e-16,-1,0.707106781186548,0.707106781186547
0.0743670886075949,0,0,1,0,0,0,-1,1.22464679914735e-16,1,-2.44929359829471e-16,-1,3.67394039744206e-16
0.07542194092827,0,0,1,0,0,0,-0.707106781186548,-0.707106781186547,1.19434011948696e-15,1,0.707106781186548,-0.707106781186547
0.0764767932489451,0,0,1,0,0,0,-1.83697019872103e-16,-1,-1,3.67394039744206e-16,5.51091059616309e-16,1
0.0775316455696203,0,0,1,0,0,0,0.707106781186547,-0.707106781186548,-4.28626379701574e-16,-1,-0.707106781186547,-0.707106781186548
0.0785864978902954,0,0,0,1,0,0,1,0,1,0,1,0
0.0796413502109705,0,0,0,1,0,0,0.707106781186548,0.707106781186547,6.12323399573677e-17,1,-0.707106781186547,0.707106781186548
0.0806962025316456,0,0,0,1,0,0,6.12323399573677e-17,1,-1,1.22464679914735e-16,-1.83697019872103e-16,-1
0.0817510548523207,0,0,0,1,0,0,-0.707106781186547,0.707106781186548,-1.83697019872103e-16,-1,0.707106781186548,0.707106781186547
0.0828059071729958,0,0,0,1,0,0,-1,1.22464679914735e-16,1,-2.44929359829471e-16,-1,3.67394039744206e-16
0.0838607594936709,0,0,0,1,0,0,-0.707106781186548,-0.707106781186547,1.19434011948696e-15,1,0.707106781186548,-0.707106781186547
0.084915611814346,0,0,0,1,0,0,-1.83697019872103e-16,-1,-1,3.67394039744206e-16,5.51091059616309e-16,1
0.0859704641350211,0,0,0,1,0,0,0.707106781186547,-0.707106781186548,-4.28626379701574e-16,-1,-0.707106781186547,-0.707106781186548
0.0870253164556962,0,0,0,0,1,0,1,0,1,0,1,0
0.0880801687763713,0,0,0,0,1,0,0.707106781186548,0.707106781186547,6.12323399573677e-17,1,-0.707106781186547,0.707106781186548
0.0891350210970464,0,0,0,0,1,0,6.12323399573677e-17,1,-1,1.22464679914735e-16,-1.83697019872103e-16,-1
0.0901898734177215,0,0,0,0,1,0,-0.707106781186547,0.707106781186548,-1.83697019872103e-16,-1,0.707106781186548,0.707106781186547
0.0912447257383966,0,0,0,0,1,0,-1,1.22464679914735e-16,1,-2.44929359829471e-16,-1,3.67394039744206e-16
0.0922995780590717,0,0,0,0,1,0,-0.707106781186548,-0.707106781186547,1.19434011948696e-15,1,0.707106781186548,-0.707106781186547
0.0933544303797468,0,0,0,0,1,0,-1.83697019872103e-16,-1,-1,3.67394039744206e-16,5.51091059616309e-16,1
0.0944092827004219,0,0,0,0,1,0,0.707106781186547,-0.707106781186548,-4.28626379701574e-16,-1,-0.707106781186547,-0.707106781186548
0.095464135021097,0,0,0,0,0,1,1,0,1,0,1,0
0.0965189873417722,0,0,0,0,0,1,0.707106781186548,0.707106781186547,6.12323399573677e-17,1,-0.707106781186547,0.707106781186548
0.0975738396624473,0,0,0,0,0,1,6.12323399573677e-17,1,-1,1.22464679914735e-16,-1.83697019872103e-16,-1
0.0986286919831224,0,0,0,0,0,1,-0.707106781186547,0.707106781186548,-1.83697019872103e-16,-1,0.707106781186548,0.707106781186547
0.0996835443037975,0,0,0,0,0,1,-1,1.22464679914735e-16,1,-2.44929359829471e-16,-1,3.67394039744206e-16
0.100738396624473,0,0,0,0,0,1,-0.707106781186548,-0.707106781186547,1.19434011948696e-15,1,0.707106781186548,-0.707106781186547
0.101793248945148,0,0,0,0,0,1,-1.83697019872103e-16,-1,-1,3.67394039744206e-16,5.51091059616309e-16,1
0.102848101265823,0,0,0,0,0,1,0.707106781186547,-0.707106781186548,-4.28626379701574e-16,-1,-0.707106781186547,-0.707106781186548
0.103902953586498,0,0,0,0,0,0,1,0,1,0,1,0
0.104957805907173,0,0,0,0,0,0,0.707106781186548,0.707106781186547,6.12323399573677e-17,1,-0.707106781186547,0.707106781186548
0.106012658227848,0,0,0,0,0,0,6.12323399573677e-17,1,-1,1.22464679914735e-16,-1.83697019872103e-16,-1
0.107067510548523,0,0,0,0,0,0,-0.707106781186547,0.707106781186548,-1.83697019872103e-16,-1,0.707106781186548,0.707106781186547
0.108122362869198,0,0,0,0,0,0,-1,1.22464679914735e-16,1,-2.44929359829471e-16,-1,3.67394039744206e-16
0.109177215189873,0,0,0,0,0,0,-0.707106781186548,-0.707106781186547,1.19434011948696e-15,1,0.707106781186548,-0.707106781186547
0.110232067510549,0,0,0,0,0,0,-1.83697019872103e-16,-1,-1,3.67394039744206e-16,5.51091059616309e-16,1
0.111286919831224,0,0,0,0,0,0,0.707106781186547,-0.707106781186548,-4.28626379701574e-16,-1,-0.707106781186547,-0.707106781186548
0.112341772151899,1,0,0,0,0,0,1,0,1,0,1,0
0.113396624472574,1,0,0,0,0,0,0.707106781186548,0.707106781186547,6.12323399573677e-17,1,-0.707106781186547,0.707106781186548
0.114451476793249,1,0,0,0,0,0,6.12323399573677e-17,1,-1,1.22464679914735e-16,-1.83697019872103e-16,-1
0.115506329113924,1,0,0,0,0,0,-0.707106781186547,0.707106781186548,-1.83697019872103e-16,-1,0.707106781186548,0.707106781186547
0.116561181434599,1,0,0,0,0,0,-1,1.22464679914735e-16,1,-2.44929359829471e-16,-1,3.67394039744206e-16
0.117616033755274,1,0,0,0,0,0,-0.707106781186548,-0.707106781186547,1.19434011948696e-15,1,0.707106781186548,-0.707106781186547
0.118670886075949,1,0,0,0,0,0,-1.83697019872103e-16,-1,-1,3.67394039744206e-16,5.51091059616309e-16,1
0.119725738396624,1,0,0,0,0,0,0.707106781186547,-0.707106781186548,-4.28626379701574e-16,-1,-0.707106781186547,-0.707106781186548
0.1207805907173,0,1,0,0,0,0,1,0,1,0,1,0
0.121835443037975,0,1,0,0,0,0,0.707106781186548,0.707106781186547,6.12323399573677e-17,1,-0.707106781186547,0.707106781186548
0.12289029535865,0,1,0,0,0,0,6.12323399573677e-17,1,-1,1.22464679914735e-16,-1.83697019872103e-16,-1
0.123945147679325,0,1,0,0,0,0,-0.707106781186547,0.707106781186548,-1.83697019872103e-16,-1,0.707106781186548,0.707106781186547
0.125,0,1,0,0,0,0,-1,1.22464679914735e-16,1,-2.44929359829471e-16,-1,3.67394039744206e-16
0.126054852320675,0,1,0,0,0,0,-0.707106781186548,-0.707106781186547,1.19434011948696e-15,1,0.707106781186548,-0.707106781186547
0.12710970464135,0,1,0,0,0,0,-1.83697019872103e-16,-1,-1,3.67394039744206e-16,5.51091059616309e-16,1
0.128164556962025,0,1,0,0,0,0,0.707106781186547,-0.707106781186548,-4.28626379701574e-16,-1,-0.707106781186547,-0.707106781186548
0.1292194092827,0,0,1,0,0,0,1,0,1,0,1,0
0.130274261603376,0,0,1,0,0,0,0.707106781186548,0.707106781186547,6.12323399573677e-17,1,-0.707106781186547,0.707106781186548
0.131329113924051,0,0,1,0,0,0,6.12323399573677e-17,1,-1,1.22464679914735e-16,-1.83697019872103e-16,-1
0.132383966244726,0,0,1,0,0,0,-0.707106781186547,0.707106781186548,-1.83697019872103e-16,-1,0.707106781186548,0.707106781186547
0.133438818565401,0,0,1,0,0,0,-1,1.22464679914735e-16,1,-2.44929359829471e-16,-1,3.67394039744206e-16
0.134493670886076,0,0,1,0,0,0,-0.707106781186548,-0.707106781186547,1.19434011948696e-15,1,0.707106781186548,-0.707106781186547
0.135548523206751,0,0,1,0,0,0,-1.83697019872103e-16,-1,-1,3.67394039744206e-16,5.51091059616309e-16,1
0.136603375527426,0,0,1,0,0,0,0.707106781186547,-0.707106781186548,-4.28626379701574e-16,-1,-0.707106781186547,-0.707106781186548
0.137658227848101,0,0,0,1,0,0,1,0,1,0,1,0
0.138713080168776,0,0,0,1,0,0,0.707106781186548,0.707106781186547,6.12323399573677e-17,1,-0.707106781186547,0.707106781186548
0.139767932489451,0,0,0,1,0,0,6.12323399573677e-17,1,-1,1.22464679914735e-16,-1.83697019872103e-16,-1
0.140822784810127,0,0,0,1,0,0,-0.707106781186547,0.707106781186548,-1.83697019872103e-16,-1,0.707106781186548,0.707106781186547
0.141877637130802,0,0,0,1,0,0,-1,1.22464679914735e-16,1,-2.44929359829471e-16,-1,3.67394039744206e-16
0.142932489451477,0,0,0,1,0,0,-0.707106781186548,-0.707106781186547,1.19434011948696e-15,1,0.707106781186548,-0.707106781186547
0.143987341772152,0,0,0,1,0,0,-1.83697019872103e-16,-1,-1,3.67394039744206e-16,5.51091059616309e-16,1
0.145042194092827,0,0,0,1,0,0,0.707106781186547,-0.707106781186548,-4.28626379701574e-16,-1,-0.707106781186547,-0.707106781186548
0.146097046413502,0,0,0,0,1,0,1,0,1,0,1,0
0.147151898734177,0,0,0,0,1,0,0.707106781186548,0.707106781186547,6.12323399573677e-17,1,-0.707106781186547,0.707106781186548
0.148206751054852,0,0,0,0,1,0,6.12323399573677e-17,1,-1,1.22464679914735e-16,-1.83697019872103e-16,-1
0.149261603375527,0,0,0,0,1,0,-0.707106781186547,0.707106781186548,-1.83697019872103e-16,-1,0.707106781186548,0.707106781186547
0.150316455696203,0,0,0,0,1,0,-1,1.22464679914735e-16,1,-2.44929359829471e-16,-1,3.67394039744206e-16
0.151371308016878,0,0,0,0,1,0,-0.707106781186548,-0.707106781186547,1.19434011948696e-15,1,0.707106781186548,-0.707106781186547
0.152426160337553,0,0,0,0,1,0,-1.83697019872103e-16,-1,-1,3.67394039744206e-16,5.51091059616309e-16,1
0.153481012658228,0,0,0,0,1,0,0.707106781186547,-0.707106781186548,-4.28626379701574e-16,-1,-0.707106781186547,-0.707106781186548
0.154535864978903,0,0,0,0,0,1,1,0,1,0,1,0
0.155590717299578,0,0,0,0,0,1,0.707106781186548,0.707106781186547,6.12323399573677e-17,1,-0.707106781186547,0.707106781186548
0.156645569620253,0,0,0,0,0,1,6.12323399573677e-17,1,-1,1.22464679914735e-16,-1.83697019872103e-16,-1
0.157700421940928,0,0,0,0,0,1,-0.707106781186547,0.707106781186548,-1.83697019872103e-16,-1,0.707106781186548,0.707106781186547
0.158755274261603,0,0,0,0,0,1,-1,1.22464679914735e-16,1,-2.44929359829471e-16,-1,3.67394039744206e-16
0.159810126582278,0,0,0,0,0,1,-0.707106781186548,-0.707106781186547,1.19434011948696e-15,1,0.707106781186548,-0.707106781186547
0.160864978902954,0,0,0,0,0,1,-1.83697019872103e-16,-1,-1,3.67394039744206e-16,5.51091059616309e-16,1
0.161919831223629,0,0,0,0,0,1,0.707106781186547,-0.707106781186548,-4.28626379701574e-16,-1,-0.707106781186547,-0.707106781186548
0.162974683544304,0,0,0,0,0,0,1,0,1,0,1,0
0.164029535864979,0,0,0,0,0,0,0.707106781186548,0.707106781186547,6.12323399573677e-17,1,-0.707106781186547,0.707106781186548
0.165084388185654,0,0,0,0,0,0,6.12323399573677e-17,1,-1,1.22464679914735e-16,-1.83697019872103e-16,-1
0.166139240506329,0,0,0,0,0,0,-0.707106781186547,0.707106781186548,-1.83697019872103e-16,-1,0.707106781186548,0.707106781186547
0.167194092827004,0,0,0,0,0,0,-1,1.22464679914735e-16,1,-2.44929359829471e-16,-1,3.67394039744206e-16
0.168248945147679,0,0,0,0,0,0,-0.707106781186548,-0.707106781186547,1.19434011948696e-15,1,0.707106781186548,-0.707106781186547
0.169303797468354,0,0,0,0,0,0,-1.83697019872103e-16,-1,-1,3.67394039744206e-16,5.51091059616309e-16,1
0.17035864978903,0,0,0,0,0,0,0.707106781186547,-0.707106781186548,-4.28626379701574e-16,-1,-0.707106781186547,-0.707106781186548
0.171413502109705,1,0,0,0,0,0,1,0,1,0,1,0
0.17246835443038,1,0,0,0,0,0,0.707106781186548,0.707106781186547,6.12323399573677e-17,1,-0.707106781186547,0.707106781186548
0.173523206751055,1,0,0,0,0,0,6.12323399573677e-17,1,-1,1.22464679914735e-16,-1.83697019872103e-16,-1
0.17457805907173,1,0,0,0,0,0,-0.707106781186547,0.707106781186548,-1.83697019872103e-16,-1,0.707106781186548,0.707106781186547
0.175632911392405,1,0,0,0,0,0,-1,1.22464679914735e-16,1,-2.44929359829471e-16,-1,3.67394039744206e-16
0.17668776371308,1,0,0,0,0,0,-0.707106781186548,-0.707106781186547,1.19434011948696e-15,1,0.707106781186548,-0.707106781186547
0.177742616033755,1,0,0,0,0,0,-1.83697019872103e-16,-1,-1,3.67394039744206e-16,5.51091059616309e-16,1
0.17879746835443,1,0,0,0,0,0,0.707106781186547,-0.707106781186548,-4.28626379701574e-16,-1,-0.707106781186547,-0.707106781186548
0.179852320675105,0,1,0,0,0,0,1,0,1,0,1,0
0.180907172995781,0,1,0,0,0,0,0.707106781186548,0.707106781186547,6.12323399573677e-17,1,-0.707106781186547,0.707106781186548
0.181962025316456,0,1,0,0,0,0,6.12323399573677e-17,1,-1,1.22464679914735e-16,-1.83697019872103e-16,-1
0.183016877637131,0,1,0,0,0,0,-0.707106781186547,0.707106781186548,-1.83697019872103e-16,-1,0.707106781186548,0.707106781186547
0.184071729957806,0,1,0,0,0,0,-1,1.22464679914735e-16,1,-2.44929359829471e-16,-1,3.67394039744206e-16
0.185126582278481,0,1,0,0,0,0,-0.707106781186548,-0.707106781186547,1.19434011948696e-15,1,0.707106781186548,-0.707106781186547
0.186181434599156,0,1,0,0,0,0,-1.83697019872103e-16,-1,-1,3.67394039744206e-16,5.51091059616309e-16,1
0.187236286919831,0,1,0,0,0,0,0.707106781186547,-0.707106781186548,-4.28626379701574e-16,-1,-0.707106781186547,-0.707106781186548
0.188291139240506,0,0,1,0,0,0,1,0,1,0,1,0
0.189345991561181,0,0,1,0,0,0,0.707106781186548,0.707106781186547,6.12323399573677e-17,1,-0.707106781186547,0.707106781186548
0.190400843881857,0,0,1,0,0,0,6.12323399573677e-17,1,-1,1.22464679914735e-16,-1.83697019872103e-16,-1
0.191455696202532,0,0,1,0,0,0,-0.707106781186547,0.707106781186548,-1.83697019872103e-16,-1,0.707106781186548,0.707106781186547
0.192510548523207,0,0,1,0,0,0,-1,1.22464679914735e-16,1,-2.44929359829471e-16,-1,3.67394039744206e-16
0.193565400843882,0,0,1,0,0,0,-0.707106781186548,-0.707106781186547,1.19434011948696e-15,1,0.707106781186548,-0.707106781186547
0.194620253164557,0,0,1,0,0,0,-1.83697019872103e-16,-1,-1,3.67394039744206e-16,5.51091059616309e-16,1
0.195675105485232,0,0,1,0,0,0,0.707106781186547,-0.707106781186548,-4.28626379701574e-16,-1,-0.707106781186547,-0.707106781186548
0.196729957805907,0,0,0,1,0,0,1,0,1,0,1,0
0.197784810126582,0,0,0,1,0,0,0.707106781186548,0.707106781186547,6.12323399573677e-17,1,-0.707106781186547,0.707106781186548
0.198839662447257,0,0,0,1,0,0,6.12323399573677e-17,1,-1,1.22464679914735e-16,-1.83697019872103e-16,-1
0.199894514767932,0,0,0,1,0,0,-0.707106781186547,0.707106781186548,-1.83697019872103e-16,-1,0.707106781186548,0.707106781186547
0.200949367088608,0,0,0,1,0,0,-1,1.22464679914735e-16,1,-2.44929359829471e-16,-1,3.67394039744206e-16
0.202004219409283,0,0,0,1,0,0,-0.707106781186548,-0.707106781186547,1.19434011948696e-15,1,0.707106781186548,-0.707106781186547
0.203059071729958,0,0,0,1,0,0,-1.83697019872103e-16,-1,-1,3.67394039744206e-16,5.51091059616309e-16,1
0.204113924050633,0,0,0,1,0,0,0.707106781186547,-0.707106781186548,-4.28626379701574e-16,-1,-0.707106781186547,-0.707106781186548
0.205168776371308,0,0,0,0,1,0,1,0,1,0,1,0
0.206223628691983,0,0,0,0,1,0,0.707106781186548,0.707106781186547,6.12323399573677e-17,1,-0.707106781186547,0.707106781186548
0.207278481012658,0,0,0,0,1,0,6.12323399573677e-17,1,-1,1.22464679914735e-16,-1.83697019872103e-16,-1
0.208333333333333,0,0,0,0,1,0,-0.707106781186547,0.707106781186548,-1.83697019872103e-16,-1,0.707106781186548,0.707106781186547
0.209388185654008,0,0,0,0,1,0,-1,1.22464679914735e-16,1,-2.44929359829471e-16,-1,3.67394039744206e-16
0.210443037974684,0,0,0,0,1,0,-0.707106781186548,-0.707106781186547,1.19434011948696e-15,1,0.707106781186548,-0.707106781186547
0.211497890295359,0,0,0,0,1,0,-1.83697019872103e-16,-1,-1,3.67394039744206e-16,5.51091059616309e-16,1
0.212552742616034,0,0,0,0,1,0,0.707106781186547,-0.707106781186548,-4.28626379701574e-16,-1,-0.707106781186547,-0.707106781186548
0.213607594936709,0,0,0,0,0,1,1,0,1,0,1,0
0.214662447257384,0,0,0,0,0,1,0.707106781186548,0.707106781186547,6.12323399573677e-17,1,-0.707106781186547,0.707106781186548
0.215717299578059,0,0,0,0,0,1,6.12323399573677e-17,1,-1,1.22464679914735e-16,-1.83697019872103e-16,-1
0.216772151898734,0,0,0,0,0,1,-0.707106781186547,0.707106781186548,-1.83697019872103e-16,-1,0.707106781186548,0.707106781186547
0.217827004219409,0,0,0,0,0,1,-1,1.22464679914735e-16,1,-2.44929359829471e-16,-1,3.67394039744206e-16
0.218881856540084,0,0,0,0,0,1,-0.707106781186548,-0.707106781186547,1.19434011948696e-15,1,0.707106781186548,-0.707106781186547
0.21993670886076,0,0,0,0,0,1,-1.83697019872103e-16,-1,-1,3.67394039744206e-16,5.51091059616309e-16,1
0.220991561181435,0,0,0,0,0,1,0.707106781186547,-0.707106781186548,-4.28626379701574e-16,-1,-0.707106781186547,-0.707106781186548
0.22204641350211,0,0,0,0,0,0,1,0,1,0,1,0
0.223101265822785,0,0,0,0,0,0,0.707106781186548,0.707106781186547,6.12323399573677e-17,1,-0.707106781186547,0.707106781186548
0.22415611814346,0,0,0,0,0,0,6.12323399573677e-17,1,-1,1.22464679914735e-16,-1.83697019872103e-16,-1
0.225210970464135,0,0,0,0,0,0,-0.707106781186547,0.707106781186548,-1.83697019872103e-16,-1,0.707106781186548,0.707106781186547
0.22626582278481,0,0,0,0,0,0,-1,1.22464679914735e-16,1,-2.44929359829471e-16,-1,3.67394039744206e-16
0.227320675105485,0,0,0,0,0,0,-0.707106781186548,-0.707106781186547,1.19434011948696e-15,1,0.707106781186548,-0.707106781186547
0.22837552742616,0,0,0,0,0,0,-1.83697019872103e-16,-1,-1,3.67394039744206e-16,5.51091059616309e-16,1
0.229430379746835,0,0,0,0,0,0,0.707106781186547,-0.707106781186548,-4.28626379701574e-16,-1,-0.707106781186547,-0.707106781186548
0.230485232067511,1,0,0,0,0,0,1,0,1,0,1,0
0.231540084388186,1,0,0,0,0,0,0.707106781186548,0.707106781186547,6.12323399573677e-17,1,-0.707106781186547,0.707106781186548
0.232594936708861,1,0,0,0,0,0,6.12323399573677e-17,1,-1,1.22464679914735e-16,-1.83697019872103e-16,-1
0.233649789029536,1,0,0,0,0,0,-0.707106781186547,0.707106781186548,-1.83697019872103e-16,-1,0.707106781186548,0.707106781186547
0.234704641350211,1,0,0,0,0,0,-1,1.22464679914735e-16,1,-2.44929359829471e-16,-1,3.67394039744206e-16
0.235759493670886,1,0,0,0,0,0,-0.707106781186548,-0.707106781186547,1.19434011948696e-15,1,0.707106781186548,-0.707106781186547
0.236814345991561,1,0,0,0,0,0,-1.83697019872103e-16,-1,-1,3.67394039744206e-16,5.51091059616309e-16,1
0.237869198312236,1,0,0,0,0,0,0.707106781186547,-0.707106781186548,-4.28626379701574e-16,-1,-0.707106781186547,-0.707106781186548
0.238924050632911,0,1,0,0,0,0,1,0,1,0,1,0
0.239978902953587,0,1,0,0,0,0,0.707106781186548,0.707106781186547,6.12323399573677e-17,1,-0.707106781186547,0.707106781186548
0.241033755274262,0,1,0,0,0,0,6.12323399573677e-17,1,-1,1.22464679914735e-16,-1.83697019872103e-16,-1
0.242088607594937,0,1,0,0,0,0,-0.707106781186547,0.707106781186548,-1.83697019872103e-16,-1,0.707106781186548,0.707106781186547
0.243143459915612,0,1,0,0,0,0,-1,1.22464679914735e-16,1,-2.44929359829471e-16,-1,3.67394039744206e-16
0.244198312236287,0,1,0,0,0,0,-0.707106781186548,-0.707106781186547,1.19434011948696e-15,1,0.707106781186548,-0.707106781186547
0.245253164556962,0,1,0,0,0,0,-1.83697019872103e-16,-1,-1,3.67394039744206e-16,5.51091059616309e-16,1
0.246308016877637,0,1,0,0,0,0,0.707106781186547,-0.707106781186548,-4.28626379701574e-16,-1,-0.707106781186547,-0.707106781186548
0.247362869198312,0,0,1,0,0,0,1,0,1,0,1,0
0.248417721518987,0,0,1,0,0,0,0.707106781186548,0.707106781186547,6.12323399573677e-17,1,-0.707106781186547,0.707106781186548
0.249472573839662,0,0,1,0,0,0,6.12323399573677e-17,1,-1,1.22464679914735e-16,-1.83697019872103e-16,-1
0.250527426160338,0,0,1,0,0,0,-0.707106781186547,0.707106781186548,-1.83697019872103e-16,-1,0.707106781186548,0.707106781186547
0.251582278481013,0,0,1,0,0,0,-1,1.22464679914735e-16,1,-2.44929359829471e-16,-1,3.67394039744206e-16
0.252637130801688,0,0,1,0,0,0,-0.707106781186548,-0.707106781186547,1.19434011948696e-15,1,0.707106781186548,-0.707106781186547
0.253691983122363,0,0,1,0,0,0,-1.83697019872103e-16,-1,-1,3.67394039744206e-16,5.51091059616309e-16,1
0.254746835443038,0,0,1,0,0,0,0.707106781186547,-0.707106781186548,-4.28626379701574e-16,-1,-0.707106781186547,-0.707106781186548
0.255801687763713,0,0,0,1,0,0,1,0,1,0,1,0
0.256856540084388,0,0,0,1,0,0,0.707106781186548,0.707106781186547,6.12323399573677e-17,1,-0.707106781186547,0.707106781186548
0.257911392405063,0,0,0,1,0,0,6.12323399573677e-17,1,-1,1.22464679914735e-16,-1.83697019872103e-16,-1
0.258966244725738,0,0,0,1,0,0,-0.707106781186547,0.707106781186548,-1.83697019872103e-16,-1,0.707106781186548,0.707106781186547
0.260021097046414,0,0,0,1,0,0,-1,1.22464679914735e-16,1,-2.44929359829471e-16,-1,3.67394039744206e-16
0.261075949367089,0,0,0,1,0,0,-0.707106781186548,-0.707106781186547,1.19434011948696e-15,1,0.707106781186548,-0.707106781186547
0.262130801687764,0,0,0,1,0,0,-1.83697019872103e-16,-1,-1,3.67394039744206e-16,5.51091059616309e-16,1
0.263185654008439,0,0,0,1,0,0,0.707106781186547,-0.707106781186548,-4.28626379701574e-16,-1,-0.707106781186547,-0.707106781186548
0.264240506329114,0,0,0,0,1,0,1,0,1,0,1,0
0.265295358649789,0,0,0,0,1,0,0.707106781186548,0.707106781186547,6.12323399573677e-17,1,-0.707106781186547,0.707106781186548
0.266350210970464,0,0,0,0,1,0,6.12323399573677e-17,1,-1,1.22464679914735e-16,-1.83697019872103e-16,-1
0.267405063291139,0,0,0,0,1,0,-0.707106781186547,0.707106781186548,-1.83697019872103e-16,-1,0.707106781186548,0.707106781186547
0.268459915611814,0,0,0,0,1,0,-1,1.22464679914735e-16,1,-2.44929359829471e-16,-1,3.67394039744206e-16
0.269514767932489,0,0,0,0,1,0,-0.707106781186548,-0.707106781186547,1.19434011948696e-15,1,0.707106781186548,-0.707106781186547
0.270569620253165,0,0,0,0,1,0,-1.83697019872103e-16,-1,-1,3.67394039744206e-16,5.51091059616309e-16,1
0.27162447257384,0,0,0,0,1,0,0.707106781186547,-0.707106781186548,-4.28626379701574e-16,-1,-0.707106781186547,-0.707106781186548
0.272679324894515,0,0,0,0,0,1,1,0,1,0,1,0
0.27373417721519,0,0,0,0,0,1,0.707106781186548,0.707106781186547,6.12323399573677e-17,1,-0.707106781186547,0.707106781186548
0.274789029535865,0,0,0,0,0,1,6.12323399573677e-17,1,-1,1.22464679914735e-16,-1.83697019872103e-16,-1
0.27584388185654,0,0,0,0,0,1,-0.707106781186547,0.707106781186548,-1.83697019872103e-16,-1,0.707106781186548,0.707106781186547
0.276898734177215,0,0,0,0,0,1,-1,1.22464679914735e-16,1,-2.44929359829471e-16,-1,3.67394039744206e-16
0.27795358649789,0,0,0,0,0,1,-0.707106781186548,-0.707106781186547,1.19434011948696e-15,1,0.707106781186548,-0.707106781186547
0.279008438818565,0,0,0,0,0,1,-1.83697019872103e-16,-1,-1,3.67394039744206e-16,5.51091059616309e-16,1
0.28006329113924,0,0,0,0,0,1,0.707106781186547,-0.707106781186548,-4.28626379701574e-16,-1,-0.707106781186547,-0.707106781186548
0.281118143459916,0,0,0,0,0,0,1,0,1,0,1,0
0.282172995780591,0,0,0,0,0,0,0.707106781186548,0.707106781186547,6.12323399573677e-17,1,-0.707106781186547,0.707106781186548
0.283227848101266,0,0,0,0,0,0,6.12323399573677e-17,1,-1,1.22464679914735e-16,-1.83697019872103e-16,-1
0.284282700421941,0,0,0,0,0,0,-0.707106781186547,0.707106781186548,-1.83697019872103e-16,-1,0.707106781186548,0.707106781186547
0.285337552742616,0,0,0,0,0,0,-1,1.22464679914735e-16,1,-2.44929359829471e-16,-1,3.67394039744206e-16
0.286392405063291,0,0,0,0,0,0,-0.707106781186548,-0.707106781186547,1.19434011948696e-15,1,0.707106781186548,-0.707106781186547
0.287447257383966,0,0,0,0,0,0,-1.83697019872103e-16,-1,-1,3.67394039744206e-16,5.51091059616309e-16,1
0.288502109704641,0,0,0,0,0,0,0.707106781186547,-0.707106781186548,-4.28626379701574e-16,-1,-0.707106781186547,-0.707106781186548
0.289556962025316,1,0,0,0,0,0,1,0,1,0,1,0
0.290611814345992,1,0,0,0,0,0,0.707106781186548,0.707106781186547,6.12323399573677e-17,1,-0.707106781186547,0.707106781186548
0.291666666666667,1,0,0,0,0,0,6.12323399573677e-17,1,-1,1.22464679914735e-16,-1.83697019872103e-16,-1
0.292721518987342,1,0,0,0,0,0,-0.707106781186547,0.707106781186548,-1.83697019872103e-16,-1,0.707106781186548,0.707106781186547
0.293776371308017,1,0,0,0,0,0,-1,1.22464679914735e-16,1,-2.44929359829471e-16,-1,3.67394039744206e-16
0.294831223628692,1,0,0,0,0,0,-0.707106781186548,-0.707106781186547,1.19434011948696e-15,1,0.707106781186548,-0.707106781186547
0.295886075949367,1,0,0,0,0,0,-1.83697019872103e-16,-1,-1,3.67394039744206e-16,5.51091059616309e-16,1
0.296940928270042,1,0,0,0,0,0,0.707106781186547,-0.707106781186548,-4.28626379701574e-16,-1,-0.707106781186547,-0.707106781186548
0.297995780590717,0,1,0,0,0,0,1,0,1,0,1,0
0.299050632911392,0,1,0,0,0,0,0.707106781186548,0.707106781186547,6.12323399573677e-17,1,-0.707106781186547,0.707106781186548
0.300105485232068,0,1,0,0,0,0,6.12323399573677e-17,1,-1,1.22464679914735e-16,-1.83697019872103e-16,-1
0.301160337552743,0,1,0,0,0,0,-0.707106781186547,0.707106781186548,-1.83697019872103e-16,-1,0.707106781186548,0.707106781186547
0.302215189873418,0,1,0,0,0,0,-1,1.22464679914735e-16,1,-2.44929359829471e-16,-1,3.67394039744206e-16
0.303270042194093,0,1,0,0,0,0,-0.707106781186548,-0.707106781186547,1.19434011948696e-15,1,0.707106781186548,-0.707106781186547
0.304324894514768,0,1,0,0,0,0,-1.83697019872103e-16,-1,-1,3.67394039744206e-16,5.51091059616309e-16,1
0.305379746835443,0,1,0,0,0,0,0.707106781186547,-0.707106781186548,-4.28626379701574e-16,-1,-0.707106781186547,-0.707106781186548
0.306434599156118,0,0,1,0,0,0,1,0,1,0,1,0
0.307489451476793,0,0,1,0,0,0,0.707106781186548,0.707106781186547,6.12323399573677e-17,1,-0.707106781186547,0.707106781186548
0.308544303797468,0,0,1,0,0,0,6.12323399573677e-17,1,-1,1.22464679914735e-16,-1.83697019872103e-16,-1
0.309599156118143,0,0,1,0,0,0,-0.707106781186547,0.707106781186548,-1.83697019872103e-16,-1,0.707106781186548,0.707106781186547
0.310654008438819,0,0,1,0,0,0,-1,1.22464679914735e-16,1,-2.44929359829471e-16,-1,3.67394039744206e-16
0.311708860759494,0,0,1,0,0,0,-0.707106781186548,-0.707106781186547,1.19434011948696e-15,1,0.707106781186548,-0.707106781186547
0.312763713080169,0,0,1,0,0,0,-1.83697019872103e-16,-1,-1,3.67394039744206e-16,5.51091059616309e-16,1
0.313818565400844,0,0,1,0,0,0,0.707106781186547,-0.707106781186548,-4.28626379701574e-16,-1,-0.707106781186547,-0.707106781186548
0.314873417721519,0,0,0,1,0,0,1,0,1,0,1,0
0.315928270042194,0,0,0,1,0,0,0.707106781186548,0.707106781186547,6.12323399573677e-17,1,-0.707106781186547,0.707106781186548
0.316983122362869,0,0,0,1,0,0,6.12323399573677e-17,1,-1,1.22464679914735e-16,-1.83697019872103e-16,-1
0.318037974683544,0,0,0,1,0,0,-0.707106781186547,0.707106781186548,-1.83697019872103e-16,-1,0.707106781186548,0.707106781186547
0.319092827004219,0,0,0,1,0,0,-1,1.22464679914735e-16,1,-2.44929359829471e-16,-1,3.67394039744206e-16
0.320147679324895,0,0,0,1,0,0,-0.707106781186548,-0.707106781186547,1.19434011948696e-15,1,0.707106781186548,-0.707106781186547
0.32120253164557,0,0,0,1,0,0,-1.83697019872103e-16,-1,-1,3.67394039744206e-16,5.51091059616309e-16,1
0.322257383966245,0,0,0,1,0,0,0.707106781186547,-0.707106781186548,-4.28626379701574e-16,-1,-0.707106781186547,-0.707106781186548
0.32331223628692,0,0,0,0,1,0,1,0,1,0,1,0
0.324367088607595,0,0,0,0,1,0,0.707106781186548,0.707106781186547,6.12323399573677e-17,1,-0.707106781186547,0.707106781186548
0.32542194092827,0,0,0,0,1,0,6.12323399573677e-17,1,-1,1.22464679914735e-16,-1.83697019872103e-16,-1
0.326476793248945,0,0,0,0,1,0,-0.707106781186547,0.707106781186548,-1.83697019872103e-16,-1,0.707106781186548,0.707106781186547
0.32753164556962,0,0,0,0,1,0,-1,1.22464679914735e-16,1,-2.44929359829471e-16,-1,3.67394039744206e-16
0.328586497890295,0,0,0,0,1,0,-0.707106781186548,-0.707106781186547,1.19434011948696e-15,1,0.707106781186548,-0.707106781186547
0.32964135021097,0,0,0,0,1,0,-1.83697019872103e-16,-1,-1,3.67394039744206e-16,5.51091059616309e-16,1
0.330696202531646,0,0,0,0,1,0,0.707106781186547,-0.707106781186548,-4.28626379701574e-16,-1,-0.707106781186547,-0.707106781186548
0.331751054852321,0,0,0,0,0,1,1,0,1,0,1,0
0.332805907172996,0,0,0,0,0,1,0.707106781186548,0.707106781186547,6.12323399573677e-17,1,-0.707106781186547,0.707106781186548
0.333860759493671,0,0,0,0,0,1,6.12323399573677e-17,1,-1,1.22464679914735e-16,-1.83697019872103e-16,-1
0.334915611814346,0,0,0,0,0,1,-0.707106781186547,0.707106781186548,-1.83697019872103e-16,-1,0.707106781186548,0.707106781186547
0.335970464135021,0,0,0,0,0,1,-1,1.22464679914735e-16,1,-2.44929359829471e-16,-1,3.67394039744206e-16
0.337025316455696,0,0,0,0,0,1,-0.707106781186548,-0.707106781186547,1.19434011948696e-15,1,0.707106781186548,-0.707106781186547
0.338080168776371,0,0,0,0,0,1,-1.83697019872103e-16,-1,-1,3.67394039744206e-16,5.51091059616309e-16,1
0.339135021097046,0,0,0,0,0,1,0.707106781186547,-0.707106781186548,-4.28626379701574e-16,-1,-0.707106781186547,-0.707106781186548
0.340189873417722,0,0,0,0,0,0,1,0,1,0,1,0
0.341244725738397,0,0,0,0,0,0,0.707106781186548,0.707106781186547,6.12323399573677e-17,1,-0.707106781186547,0.707106781186548
0.342299578059072,0,0,0,0,0,0,6.12323399573677e-17,1,-1,1.22464679914735e-16,-1.83697019872103e-16,-1
0.343354430379747,0,0,0,0,0,0,-0.707106781186547,0.707106781186548,-1.83697019872103e-16,-1,0.707106781186548,0.707106781186547
0.344409282700422,0,0,0,0,0,0,-1,1.22464679914735e-16,1,-2.44929359829471e-16,-1,3.67394039744206e-16
0.345464135021097,0,0,0,0,0,0,-0.707106781186548,-0.707106781186547,1.19434011948696e-15,1,0.707106781186548,-0.707106781186547
0.346518987341772,0,0,0,0,0,0,-1.83697019872103e-16,-1,-1,3.67394039744206e-16,5.51091059616309e-16,1
0.347573839662447,0,0,0,0,0,0,0.707106781186547,-0.707106781186548,-4.28626379701574e-16,-1,-0.707106781186547,-0.707106781186548
0.348628691983122,1,0,0,0,0,0,1,0,1,0,1,0
0.349683544303797,1,0,0,0,0,0,0.707106781186548,0.707106781186547,6.12323399573677e-17,1,-0.707106781186547,0.707106781186548
0.350738396624473,1,0,0,0,0,0,6.12323399573677e-17,1,-1,1.22464679914735e-16,-1.83697019872103e-16,-1
0.351793248945148,1,0,0,0,0,0,-0.707106781186547,0.707106781186548,-1.83697019872103e-16,-1,0.707106781186548,0.707106781186547
0.352848101265823,1,0,0,0,0,0,-1,1.22464679914735e-16,1,-2.44929359829471e-16,-1,3.67394039744206e-16
0.353902953586498,1,0,0,0,0,0,-0.707106781186548,-0.707106781186547,1.19434011948696e-15,1,0.707106781186548,-0.707106781186547
0.354957805907173,1,0,0,0,0,0,-1.83697019872103e-16,-1,-1,3.67394039744206e-16,5.51091059616309e-16,1
0.356012658227848,1,0,0,0,0,0,0.707106781186547,-0.707106781186548,-4.28626379701574e-16,-1,-0.707106781186547,-0.707106781186548
0.357067510548523,0,1,0,0,0,0,1,0,1,0,1,0
0.358122362869198,0,1,0,0,0,0,0.707106781186548,0.707106781186547,6.12323399573677e-17,1,-0.707106781186547,0.707106781186548
0.359177215189873,0,1,0,0,0,0,6.12323399573677e-17,1,-1,1.22464679914735e-16,-1.83697019872103e-16,-1
0.360232067510549,0,1,0,0,0,0,-0.707106781186547,0.707106781186548,-1.83697019872103e-16,-1,0.707106781186548,0.707106781186547
0.361286919831224,0,1,0,0,0,0,-1,1.22464679914735e-16,1,-2.44929359829471e-16,-1,3.67394039744206e-16
0.362341772151899,0,1,0,0,0,0,-0.707106781186548,-0.707106781186547,1.19434011948696e-15,1,0.707106781186548,-0.707106781186547
0.363396624472574,0,1,0,0,0,0,-1.83697019872103e-16,-1,-1,3.67394039744206e-16,5.51091059616309e-16,1
0.364451476793249,0,1,0,0,0,0,0.707106781186547,-0.707106781186548,-4.28626379701574e-16,-1,-0.707106781186547,-0.707106781186548
0.365506329113924,0,0,1,0,0,0,1,0,1,0,1,0
0.366561181434599,0,0,1,0,0,0,0.707106781186548,0.707106781186547,6.12323399573677e-17,1,-0.707106781186547,0.707106781186548
0.367616033755274,0,0,1,0,0,0,6.12323399573677e-17,1,-1,1.22464679914735e-16,-1.83697019872103e-16,-1
0.368670886075949,0,0,1,0,0,0,-0.707106781186547,0.707106781186548,-1.83697019872103e-16,-1,0.707106781186548,0.707106781186547
0.369725738396624,0,0,1,0,0,0,-1,1.22464679914735e-16,1,-2.44929359829471e-16,-1,3.67394039744206e-16
0.3707805907173,0,0,1,0,0,0,-0.707106781186548,-0.707106781186547,1.19434011948696e-15,1,0.707106781186548,-0.707106781186547
0.371835443037975,0,0,1,0,0,0,-1.83697019872103e-16,-1,-1,3.67394039744206e-16,5.51091059616309e-16,1
0.37289029535865,0,0,1,0,0,0,0.707106781186547,-0.707106781186548,-4.28626379701574e-16,-1,-0.707106781186547,-0.707106781186548
0.373945147679325,0,0,0,1,0,0,1,0,1,0,1,0
0.375,0,0,0,1,0,0,0.707106781186548,0.707106781186547,6.12323399573677e-17,1,-0.707106781186547,0.707106781186548
0.376054852320675,0,0,0,1,0,0,6.12323399573677e-17,1,-1,1.22464679914735e-16,-1.83697019872103e-16,-1
0.37710970464135,0,0,0,1,0,0,-0.707106781186547,0.707106781186548,-1.83697019872103e-16,-1,0.707106781186548,0.707106781186547
0.378164556962025,0,0,0,1,0,0,-1,1.22464679914735e-16,1,-2.44929359829471e-16,-1,3.67394039744206e-16
0.3792194092827,0,0,0,1,0,0,-0.707106781186548,-0.707106781186547,1.19434011948696e-15,1,0.707106781186548,-0.707106781186547
0.380274261603376,0,0,0,1,0,0,-1.83697019872103e-16,-1,-1,3.67394039744206e-16,5.51091059616309e-16,1
0.381329113924051,0,0,0,1,0,0,0.707106781186547,-0.707106781186548,-4.28626379701574e-16,-1,-0.707106781186547,-0.707106781186548
0.382383966244726,0,0,0,0,1,0,1,0,1,0,1,0
0.383438818565401,0,0,0,0,1,0,0.707106781186548,0.707106781186547,6.12323399573677e-17,1,-0.707106781186547,0.707106781186548
0.384493670886076,0,0,0,0,1,0,6.12323399573677e-17,1,-1,1.22464679914735e-16,-1.83697019872103e-16,-1
0.385548523206751,0,0,0,0,1,0,-0.707106781186547,0.707106781186548,-1.83697019872103e-16,-1,0.707106781186548,0.707106781186547
0.386603375527426,0,0,0,0,1,0,-1,1.22464679914735e-16,1,-2.44929359829471e-16,-1,3.67394039744206e-16
0.387658227848101,0,0,0,0,1,0,-0.707106781186548,-0.707106781186547,1.19434011948696e-15,1,0.707106781186548,-0.707106781186547
0.388713080168776,0,0,0,0,1,0,-1.83697019872103e-16,-1,-1,3.67394039744206e-16,5.51091059616309e-16,1
0.389767932489451,0,0,0,0,1,0,0.707106781186547,-0.707106781186548,-4.28626379701574e-16,-1,-0.707106781186547,-0.707106781186548
0.390822784810127,0,0,0,0,0,1,1,0,1,0,1,0
0.391877637130802,0,0,0,0,0,1,0.707106781186548,0.707106781186547,6.12323399573677e-17,1,-0.707106781186547,0.707106781186548
0.392932489451477,0,0,0,0,0,1,6.12323399573677e-17,1,-1,1.22464679914735e-16,-1.83697019872103e-16,-1
0.393987341772152,0,0,0,0,0,1,-0.707106781186547,0.707106781186548,-1.83697019872103e-16,-1,0.707106781186548,0.707106781186547
0.395042194092827,0,0,0,0,0,1,-1,1.22464679914735e-16,1,-2.44929359829471e-16,-1,3.67394039744206e-16
0.396097046413502,0,0,0,0,0,1,-0.707106781186548,-0.707106781186547,1.19434011948696e-15,1,0.707106781186548,-0.707106781186547
0.397151898734177,0,0,0,0,0,1,-1.83697019872103e-16,-1,-1,3.67394039744206e-16,5.51091059616309e-16,1
0.398206751054852,0,0,0,0,0,1,0.707106781186547,-0.707106781186548,-4.28626379701574e-16,-1,-0.707106781186547,-0.707106781186548
0.399261603375527,0,0,0,0,0,0,1,0,1,0,1,0
0.400316455696203,0,0,0,0,0,0,0.707106781186548,0.707106781186547,6.12323399573677e-17,1,-0.707106781186547,0.707106781186548
0.401371308016878,0,0,0,0,0,0,6.12323399573677e-17,1,-1,1.22464679914735e-16,-1.83697019872103e-16,-1
0.402426160337553,0,0,0,0,0,0,-0.707106781186547,0.707106781186548,-1.83697019872103e-16,-1,0.707106781186548,0.707106781186547
0.403481012658228,0,0,0,0,0,0,-1,1.22464679914735e-16,1,-2.44929359829471e-16,-1,3.67394039744206e-16
0.404535864978903,0,0,0,0,0,0,-0.707106781186548,-0.707106781186547,1.19434011948696e-15,1,0.707106781186548,-0.707106781186547
0.405590717299578,0,0,0,0,0,0,-1.83697019872103e-16,-1,-1,3.67394039744206e-16,5.51091059616309e-16,1
0.406645569620253,0,0,0,0,0,0,0.707106781186547,-0.707106781186548,-4.28626379701574e-16,-1,-0.707106781186547,-0.707106781186548
0.407700421940928,1,0,0,0,0,0,1,0,1,0,1,0
0.408755274261603,1,0,0,0,0,0,0.707106781186548,0.707106781186547,6.12323399573677e-17,1,-0.707106781186547,0.707106781186548
0.409810126582278,1,0,0,0,0,0,6.12323399573677e-17,1,-1,1.22464679914735e-16,-1.83697019872103e-16,-1
0.410864978902954,1,0,0,0,0,0,-0.707106781186547,0.707106781186548,-1.83697019872103e-16,-1,0.707106781186548,0.707106781186547
0.411919831223629,1,0,0,0,0,0,-1,1.22464679914735e-16,1,-2.44929359829471e-16,-1,3.67394039744206e-16
0.412974683544304,1,0,0,0,0,0,-0.707106781186548,-0.707106781186547,1.19434011948696e-15,1,0.707106781186548,-0.707106781186547
0.414029535864979,1,0,0,0,0,0,-1.83697019872103e-16,-1,-1,3.67394039744206e-16,5.51091059616309e-16,1
0.415084388185654,1,0,0,0,0,0,0.707106781186547,-0.707106781186548,-4.28626379701574e-16,-1,-0.707106781186547,-0.707106781186548
0.416139240506329,0,1,0,0,0,0,1,0,1,0,1,0
0.417194092827004,0,1,0,0,0,0,0.707106781186548,0.707106781186547,6.12323399573677e-17,1,-0.707106781186547,0.707106781186548
0.418248945147679,0,1,0,0,0,0,6.12323399573677e-17,1,-1,1.22464679914735e-16,-1.83697019872103e-16,-1
0.419303797468354,0,1,0,0,0,0,-0.707106781186547,0.707106781186548,-1.83697019872103e-16,-1,0.707106781186548,0.707106781186547
0.42035864978903,0,1,0,0,0,0,-1,1.22464679914735e-16,1,-2.44929359829471e-16,-1,3.67394039744206e-16
0.421413502109705,0,1,0,0,0,0,-0.707106781186548,-0.707106781186547,1.19434011948696e-15,1,0.707106781186548,-0.707106781186547
0.42246835443038,0,1,0,0,0,0,-1.83697019872103e-16,-1,-1,3.67394039744206e-16,5.51091059616309e-16,1
0.423523206751055,0,1,0,0,0,0,0.707106781186547,-0.707106781186548,-4.28626379701574e-16,-1,-0.707106781186547,-0.707106781186548
0.42457805907173,0,0,1,0,0,0,1,0,1,0,1,0
0.425632911392405,0,0,1,0,0,0,0.707106781186548,0.707106781186547,6.12323399573677e-17,1,-0.707106781186547,0.707106781186548
0.42668776371308,0,0,1,0,0,0,6.12323399573677e-17,1,-1,1.22464679914735e-16,-1.83697019872103e-16,-1
0.427742616033755,0,0,1,0,0,0,-0.707106781186547,0.707106781186548,-1.83697019872103e-16,-1,0.707106781186548,0.707106781186547
0.42879746835443,0,0,1,0,0,0,-1,1.22464679914735e-16,1,-2.44929359829471e-16,-1,3.67394039744206e-16
0.429852320675105,0,0,1,0,0,0,-0.707106781186548,-0.707106781186547,1.19434011948696e-15,1,0.707106781186548,-0.707106781186547
0.430907172995781,0,0,1,0,0,0,-1.83697019872103e-16,-1,-1,3.67394039744206e-16,5.51091059616309e-16,1
0.431962025316456,0,0,1,0,0,0,0.707106781186547,-0.707106781186548,-4.28626379701574e-16,-1,-0.707106781186547,-0.707106781186548
0.433016877637131,0,0,0,1,0,0,1,0,1,0,1,0
0.434071729957806,0,0,0,1,0,0,0.707106781186548,0.707106781186547,6.12323399573677e-17,1,-0.707106781186547,0.707106781186548
0.435126582278481,0,0,0,1,0,0,6.12323399573677e-17,1,-1,1.22464679914735e-16,-1.83697019872103e-16,-1
0.436181434599156,0,0,0,1,0,0,-0.707106781186547,0.707106781186548,-1.83697019872103e-16,-1,0.707106781186548,0.707106781186547
0.437236286919831,0,0,0,1,0,0,-1,1.22464679914735e-16,1,-2.44929359829471e-16,-1,3.67394039744206e-16
0.438291139240506,0,0,0,1,0,0,-0.707106781186548,-0.707106781186547,1.19434011948696e-15,1,0.707106781186548,-0.707106781186547
0.439345991561181,0,0,0,1,0,0,-1.83697019872103e-16,-1,-1,3.67394039744206e-16,5.51091059616309e-16,1
0.440400843881857,0,0,0,1,0,0,0.707106781186547,-0.707106781186548,-4.28626379701574e-16,-1,-0.707106781186547,-0.707106781186548
0.441455696202532,0,0,0,0,1,0,1,0,1,0,1,0
0.442510548523207,0,0,0,0,1,0,0.707106781186548,0.707106781186547,6.12323399573677e-17,1,-0.707106781186547,0.707106781186548
0.443565400843882,0,0,0,0,1,0,6.12323399573677e-17,1,-1,1.22464679914735e-16,-1.83697019872103e-16,-1
0.444620253164557,0,0,0,0,1,0,-0.707106781186547,0.707106781186548,-1.83697019872103e-16,-1,0.707106781186548,0.707106781186547
0.445675105485232,0,0,0,0,1,0,-1,1.22464679914735e-16,1,-2.44929359829471e-16,-1,3.67394039744206e-16
0.446729957805907,0,0,0,0,1,0,-0.707106781186548,-0.707106781186547,1.19434011948696e-15,1,0.707106781186548,-0.707106781186547
0.447784810126582,0,0,0,0,1,0,-1.83697019872103e-16,-1,-1,3.67394039744206e-16,5.51091059616309e-16,1
0.448839662447257,0,0,0,0,1,0,0.707106781186547,-0.707106781186548,-4.28626379701574e-16,-1,-0.707106781186547,-0.707106781186548
0.449894514767932,0,0,0,0,0,1,1,0,1,0,1,0
0.450949367088608,0,0,0,0,0,1,0.707106781186548,0.707106781186547,6.12323399573677e-17,1,-0.707106781186547,0.707106781186548
0.452004219409283,0,0,0,0,0,1,6.12323399573677e-17,1,-1,1.22464679914735e-16,-1.83697019872103e-16,-1
0.453059071729958,0,0,0,0,0,1,-0.707106781186547,0.707106781186548,-1.83697019872103e-16,-1,0.707106781186548,0.707106781186547
0.454113924050633,0,0,0,0,0,1,-1,1.22464679914735e-16,1,-2.44929359829471e-16,-1,3.67394039744206e-16
0.455168776371308,0,0,0,0,0,1,-0.707106781186548,-0.707106781186547,1.19434011948696e-15,1,0.707106781186548,-0.707106781186547
0.456223628691983,0,0,0,0,0,1,-1.83697019872103e-16,-1,-1,3.67394039744206e-16,5.51091059616309e-16,1
0.457278481012658,0,0,0,0,0,1,0.707106781186547,-0.707106781186548,-4.28626379701574e-16,-1,-0.707106781186547,-0.707106781186548
0.458333333333333,0,0,0,0,0,0,1,0,1,0,1,0
0.459388185654008,0,0,0,0,0,0,0.707106781186548,0.707106781186547,6.12323399573677e-17,1,-0.707106781186547,0.707106781186548
0.460443037974684,0,0,0,0,0,0,6.12323399573677e-17,1,-1,1.22464679914735e-16,-1.83697019872103e-16,-1
0.461497890295359,0,0,0,0,0,0,-0.707106781186547,0.707106781186548,-1.83697019872103e-16,-1,0.707106781186548,0.707106781186547
0.462552742616034,0,0,0,0,0,0,-1,1.22464679914735e-16,1,-2.44929359829471e-16,-1,3.67394039744206e-16
0.463607594936709,0,0,0,0,0,0,-0.707106781186548,-0.707106781186547,1.19434011948696e-15,1,0.707106781186548,-0.707106781186547
0.464662447257384,0,0,0,0,0,0,-1.83697019872103e-16,-1,-1,3.67394039744206e-16,5.51091059616309e-16,1
0.465717299578059,0,0,0,0,0,0,0.707106781186547,-0.707106781186548,-4.28626379701574e-16,-1,-0.707106781186547,-0.707106781186548
0.466772151898734,1,0,0,0,0,0,1,0,1,0,1,0
0.467827004219409,1,0,0,0,0,0,0.707106781186548,0.707106781186547,6.12323399573677e-17,1,-0.707106781186547,0.707106781186548
0.468881856540084,1,0,0,0,0,0,6.12323399573677e-17,1,-1,1.22464679914735e-16,-1.83697019872103e-16,-1
0.46993670886076,1,0,0,0,0,0,-0.707106781186547,0.707106781186548,-1.83697019872103e-16,-1,0.707106781186548,0.707106781186547
0.470991561181435,1,0,0,0,0,0,-1,1.22464679914735e-16,1,-2.44929359829471e-16,-1,3.67394039744206e-16
0.47204641350211,1,0,0,0,0,0,-0.707106781186548,-0.707106781186547,1.19434011948696e-15,1,0.707106781186548,-0.707106781186547
0.473101265822785,1,0,0,0,0,0,-1.83697019872103e-16,-1,-1,3.67394039744206e-16,5.51091059616309e-16,1
0.47415611814346,1,0,0,0,0,0,0.707106781186547,-0.707106781186548,-4.28626379701574e-16,-1,-0.707106781186547,-0.707106781186548
0.475210970464135,0,1,0,0,0,0,1,0,1,0,1,0
0.47626582278481,0,1,0,0,0,0,0.707106781186548,0.707106781186547,6.12323399573677e-17,1,-0.707106781186547,0.707106781186548
0.477320675105485,0,1,0,0,0,0,6.12323399573677e-17,1,-1,1.22464679914735e-16,-1.83697019872103e-16,-1
0.47837552742616,0,1,0,0,0,0,-0.707106781186547,0.707106781186548,-1.83697019872103e-16,-1,0.707106781186548,0.707106781186547
0.479430379746835,0,1,0,0,0,0,-1,1.22464679914735e-16,1,-2.44929359829471e-16,-1,3.67394039744206e-16
0.480485232067511,0,1,0,0,0,0,-0.707106781186548,-0.707106781186547,1.19434011948696e-15,1,0.707106781186548,-0.707106781186547
0.481540084388186,0,1,0,0,0,0,-1.83697019872103e-16,-1,-1,3.67394039744206e-16,5.51091059616309e-16,1
0.482594936708861,0,1,0,0,0,0,0.707106781186547,-0.707106781186548,-4.28626379701574e-16,-1,-0.707106781186547,-0.707106781186548
0.483649789029536,0,0,1,0,0,0,1,0,1,0,1,0
0.484704641350211,0,0,1,0,0,0,0.707106781186548,0.707106781186547,6.12323399573677e-17,1,-0.707106781186547,0.707106781186548
0.485759493670886,0,0,1,0,0,0,6.12323399573677e-17,1,-1,1.22464679914735e-16,-1.83697019872103e-16,-1
0.486814345991561,0,0,1,0,0,0,-0.707106781186547,0.707106781186548,-1.83697019872103e-16,-1,0.707106781186548,0.707106781186547
0.487869198312236,0,0,1,0,0,0,-1,1.22464679914735e-16,1,-2.44929359829471e-16,-1,3.67394039744206e-16
0.488924050632911,0,0,1,0,0,0,-0.707106781186548,-0.707106781186547,1.19434011948696e-15,1,0.707106781186548,-0.707106781186547
0.489978902953586,0,0,1,0,0,0,-1.83697019872103e-16,-1,-1,3.67394039744206e-16,5.51091059616309e-16,1
0.491033755274262,0,0,1,0,0,0,0.707106781186547,-0.707106781186548,-4.28626379701574e-16,-1,-0.707106781186547,-0.707106781186548
0.492088607594937,0,0,0,1,0,0,1,0,1,0,1,0
0.493143459915612,0,0,0,1,0,0,0.707106781186548,0.707106781186547,6.12323399573677e-17,1,-0.707106781186547,0.707106781186548
0.494198312236287,0,0,0,1,0,0,6.12323399573677e-17,1,-1,1.22464679914735e-16,-1.83697019872103e-16,-1
0.495253164556962,0,0,0,1,0,0,-0.707106781186547,0.707106781186548,-1.83697019872103e-16,-1,0.707106781186548,0.707106781186547
0.496308016877637,0,0,0,1,0,0,-1,1.22464679914735e-16,1,-2.44929359829471e-16,-1,3.67394039744206e-16
0.497362869198312,0,0,0,1,0,0,-0.707106781186548,-0.707106781186547,1.19434011948696e-15,1,0.707106781186548,-0.707106781186547
0.498417721518987,0,0,0,1,0,0,-1.83697019872103e-16,-1,-1,3.67394039744206e-16,5.51091059616309e-16,1
0.499472573839662,0,0,0,1,0,0,0.707106781186547,-0.707106781186548,-4.28626379701574e-16,-1,-0.707106781186547,-0.707106781186548
0.500527426160338,0,0,0,0,1,0,1,0,1,0,1,0
0.501582278481013,0,0,0,0,1,0,0.707106781186548,0.707106781186547,6.12323399573677e-17,1,-0.707106781186547,0.707106781186548
0.502637130801688,0,0,0,0,1,0,6.12323399573677e-17,1,-1,1.22464679914735e-16,-1.83697019872103e-16,-1
0.503691983122363,0,0,0,0,1,0,-0.707106781186547,0.707106781186548,-1.83697019872103e-16,-1,0.707106781186548,0.707106781186547
0.504746835443038,0,0,0,0,1,0,-1,1.22464679914735e-16,1,-2.44929359829471e-16,-1,3.67394039744206e-16
0.505801687763713,0,0,0,0,1,0,-0.707106781186548,-0.707106781186547,1.19434011948696e-15,1,0.707106781186548,-0.707106781186547
0.506856540084388,0,0,0,0,1,0,-1.83697019872103e-16,-1,-1,3.67394039744206e-16,5.51091059616309e-16,1
0.507911392405063,0,0,0,0,1,0,0.707106781186547,-0.707106781186548,-4.28626379701574e-16,-1,-0.707106781186547,-0.707106781186548
0.508966244725738,0,0,0,0,0,1,1,0,1,0,1,0
0.510021097046414,0,0,0,0,0,1,0.707106781186548,0.707106781186547,6.12323399573677e-17,1,-0.707106781186547,0.707106781186548
0.511075949367089,0,0,0,0,0,1,6.12323399573677e-17,1,-1,1.22464679914735e-16,-1.83697019872103e-16,-1
0.512130801687764,0,0,0,0,0,1,-0.707106781186547,0.707106781186548,-1.83697019872103e-16,-1,0.707106781186548,0.707106781186547
0.513185654008439,0,0,0,0,0,1,-1,1.22464679914735e-16,1,-2.44929359829471e-16,-1,3.67394039744206e-16
0.514240506329114,0,0,0,0,0,1,-0.707106781186548,-0.707106781186547,1.19434011948696e-15,1,0.707106781186548,-0.707106781186547
0.515295358649789,0,0,0,0,0,1,-1.83697019872103e-16,-1,-1,3.67394039744206e-16,5.51091059616309e-16,1
0.516350210970464,0,0,0,0,0,1,0.707106781186547,-0.707106781186548,-4.28626379701574e-16,-1,-0.707106781186547,-0.707106781186548
0.517405063291139,0,0,0,0,0,0,1,0,1,0,1,0
0.518459915611814,0,0,0,0,0,0,0.707106781186548,0.707106781186547,6.12323399573677e-17,1,-0.707106781186547,0.707106781186548
0.519514767932489,0,0,0,0,0,0,6.12323399573677e-17,1,-1,1.22464679914735e-16,-1.83697019872103e-16,-1
0.520569620253165,0,0,0,0,0,0,-0.707106781186547,0.707106781186548,-1.83697019872103e-16,-1,0.707106781186548,0.707106781186547
0.52162447257384,0,0,0,0,0,0,-1,1.22464679914735e-16,1,-2.44929359829471e-16,-1,3.67394039744206e-16
0.522679324894515,0,0,0,0,0,0,-0.707106781186548,-0.707106781186547,1.19434011948696e-15,1,0.707106781186548,-0.707106781186547
0.52373417721519,0,0,0,0,0,0,-1.83697019872103e-16,-1,-1,3.67394039744206e-16,5.51091059616309e-16,1
0.524789029535865,0,0,0,0,0,0,0.707106781186547,-0.707106781186548,-4.28626379701574e-16,-1,-0.707106781186547,-0.707106781186548
0.52584388185654,1,0,0,0,0,0,1,0,1,0,1,0
0.526898734177215,1,0,0,0,0,0,0.707106781186548,0.707106781186547,6.12323399573677e-17,1,-0.707106781186547,0.707106781186548
0.52795358649789,1,0,0,0,0,0,6.12323399573677e-17,1,-1,1.22464679914735e-16,-1.83697019872103e-16,-1
0.529008438818565,1,0,0,0,0,0,-0.707106781186547,0.707106781186548,-1.83697019872103e-16,-1,0.707106781186548,0.707106781186547
0.530063291139241,1,0,0,0,0,0,-1,1.22464679914735e-16,1,-2.44929359829471e-16,-1,3.67394039744206e-16
0.531118143459916,1,0,0,0,0,0,-0.707106781186548,-0.707106781186547,1.19434011948696e-15,1,0.707106781186548,-0.707106781186547
0.532172995780591,1,0,0,0,0,0,-1.83697019872103e-16,-1,-1,3.67394039744206e-16,5.51091059616309e-16,1
0.533227848101266,1,0,0,0,0,0,0.707106781186547,-0.707106781186548,-4.28626379701574e-16,-1,-0.707106781186547,-0.707106781186548
0.534282700421941,0,1,0,0,0,0,1,0,1,0,1,0
0.535337552742616,0,1,0,0,0,0,0.707106781186548,0.707106781186547,6.12323399573677e-17,1,-0.707106781186547,0.707106781186548
0.536392405063291,0,1,0,0,0,0,6.12323399573677e-17,1,-1,1.22464679914735e-16,-1.83697019872103e-16,-1
0.537447257383966,0,1,0,0,0,0,-0.707106781186547,0.707106781186548,-1.83697019872103e-16,-1,0.707106781186548,0.707106781186547
0.538502109704641,0,1,0,0,0,0,-1,1.22464679914735e-16,1,-2.44929359829471e-16,-1,3.67394039744206e-16
0.539556962025316,0,1,0,0,0,0,-0.707106781186548,-0.707106781186547,1.19434011948696e-15,1,0.707106781186548,-0.707106781186547
0.540611814345992,0,1,0,0,0,0,-1.83697019872103e-16,-1,-1,3.67394039744206e-16,5.51091059616309e-16,1
0.541666666666667,0,1,0,0,0,0,0.707106781186547,-0.707106781186548,-4.28626379701574e-16,-1,-0.707106781186547,-0.707106781186548
0.542721518987342,0,0,1,0,0,0,1,0,1,0,1,0
0.543776371308017,0,0,1,0,0,0,0.707106781186548,0.707106781186547,6.12323399573677e-17,1,-0.707106781186547,0.707106781186548
0.544831223628692,0,0,1,0,0,0,6.12323399573677e-17,1,-1,1.22464679914735e-16,-1.83697019872103e-16,-1
0.545886075949367,0,0,1,0,0,0,-0.707106781186547,0.707106781186548,-1.83697019872103e-16,-1,0.707106781186548,0.707106781186547
0.546940928270042,0,0,1,0,0,0,-1,1.22464679914735e-16,1,-2.44929359829471e-16,-1,3.67394039744206e-16
0.547995780590717,0,0,1,0,0,0,-0.707106781186548,-0.707106781186547,1.19434011948696e-15,1,0.707106781186548,-0.707106781186547
0.549050632911392,0,0,1,0,0,0,-1.83697019872103e-16,-1,-1,3.67394039744206e-16,5.51091059616309e-16,1
0.550105485232067,0,0,1,0,0,0,0.707106781186547,-0.707106781186548,-4.28626379701574e-16,-1,-0.707106781186547,-0.707106781186548
0.551160337552743,0,0,0,1,0,0,1,0,1,0,1,0
0.552215189873418,0,0,0,1,0,0,0.707106781186548,0.707106781186547,6.12323399573677e-17,1,-0.707106781186547,0.707106781186548
0.553270042194093,0,0,0,1,0,0,6.12323399573677e-17,1,-1,1.22464679914735e-16,-1.83697019872103e-16,-1
0.554324894514768,0,0,0,1,0,0,-0.707106781186547,0.707106781186548,-1.83697019872103e-16,-1,0.707106781186548,0.707106781186547
0.555379746835443,0,0,0,1,0,0,-1,1.22464679914735e-16,1,-2.44929359829471e-16,-1,3.67394039744206e-16
0.556434599156118,0,0,0,1,0,0,-0.707106781186548,-0.707106781186547,1.19434011948696e-15,1,0.707106781186548,-0.707106781186547
0.557489451476793,0,0,0,1,0,0,-1.83697019872103e-16,-1,-1,3.67394039744206e-16,5.51091059616309e-16,1
0.558544303797468,0,0,0,1,0,0,0.707106781186547,-0.707106781186548,-4.28626379701574e-16,-1,-0.707106781186547,-0.707106781186548
0.559599156118143,0,0,0,0,1,0,1,0,1,0,1,0
0.560654008438819,0,0,0,0,1,0,0.707106781186548,0.707106781186547,6.12323399573677e-17,1,-0.707106781186547,0.707106781186548
0.561708860759494,0,0,0,0,1,0,6.12323399573677e-17,1,-1,1.22464679914735e-16,-1.83697019872103e-16,-1
0.562763713080169,0,0,0,0,1,0,-0.707106781186547,0.707106781186548,-1.83697019872103e-16,-1,0.707106781186548,0.707106781186547
0.563818565400844,0,0,0,0,1,0,-1,1.22464679914735e-16,1,-2.44929359829471e-16,-1,3.67394039744206e-16
0.564873417721519,0,0,0,0,1,0,-0.707106781186548,-0.707106781186547,1.19434011948696e-15,1,0.707106781186548,-0.707106781186547
0.565928270042194,0,0,0,0,1,0,-1.83697019872103e-16,-1,-1,3.67394039744206e-16,5.51091059616309e-16,1
0.566983122362869,0,0,0,0,1,0,0.707106781186547,-0.707106781186548,-4.28626379701574e-16,-1,-0.707106781186547,-0.707106781186548
0.568037974683544,0,0,0,0,0,1,1,0,1,0,1,0
0.569092827004219,0,0,0,0,0,1,0.707106781186548,0.707106781186547,6.12323399573677e-17,1,-0.707106781186547,0.707106781186548
0.570147679324895,0,0,0,0,0,1,6.12323399573677e-17,1,-1,1.22464679914735e-16,-1.83697019872103e-16,-1
0.57120253164557,0,0,0,0,0,1,-0.707106781186547,0.707106781186548,-1.83697019872103e-16,-1,0.707106781186548,0.707106781186547
0.572257383966245,0,0,0,0,0,1,-1,1.22464679914735e-16,1,-2.44929359829471e-16,-1,3.67394039744206e-16
0.57331223628692,0,0,0,0,0,1,-0.707106781186548,-0.707106781186547,1.19434011948696e-15,1,0.707106781186548,-0.707106781186547
0.574367088607595,0,0,0,0,0,1,-1.83697019872103e-16,-1,-1,3.67394039744206e-16,5.51091059616309e-16,1
0.57542194092827,0,0,0,0,0,1,0.707106781186547,-0.707106781186548,-4.28626379701574e-16,-1,-0.707106781186547,-0.707106781186548
0.576476793248945,0,0,0,0,0,0,1,0,1,0,1,0
0.57753164556962,0,0,0,0,0,0,0.707106781186548,0.707106781186547,6.12323399573677e-17,1,-0.707106781186547,0.707106781186548
0.578586497890295,0,0,0,0,0,0,6.12323399573677e-17,1,-1,1.22464679914735e-16,-1.83697019872103e-16,-1
0.57964135021097,0,0,0,0,0,0,-0.707106781186547,0.707106781186548,-1.83697019872103e-16,-1,0.707106781186548,0.707106781186547
0.580696202531646,0,0,0,0,0,0,-1,1.22464679914735e-16,1,-2.44929359829471e-16,-1,3.67394039744206e-16
0.581751054852321,0,0,0,0,0,0,-0.707106781186548,-0.707106781186547,1.19434011948696e-15,1,0.707106781186548,-0.707106781186547
0.582805907172996,0,0,0,0,0,0,-1.83697019872103e-16,-1,-1,3.67394039744206e-16,5.51091059616309e-16,1
0.583860759493671,0,0,0,0,0,0,0.707106781186547,-0.707106781186548,-4.28626379701574e-16,-1,-0.707106781186547,-0.707106781186548
0.584915611814346,1,0,0,0,0,0,1,0,1,0,1,0
0.585970464135021,1,0,0,0,0,0,0.707106781186548,0.707106781186547,6.12323399573677e-17,1,-0.707106781186547,0.707106781186548
0.587025316455696,1,0,0,0,0,0,6.12323399573677e-17,1,-1,1.22464679914735e-16,-1.83697019872103e-16,-1
0.588080168776371,1,0,0,0,0,0,-0.707106781186547,0.707106781186548,-1.83697019872103e-16,-1,0.707106781186548,0.707106781186547
0.589135021097046,1,0,0,0,0,0,-1,1.22464679914735e-16,1,-2.44929359829471e-16,-1,3.67394039744206e-16
0.590189873417722,1,0,0,0,0,0,-0.707106781186548,-0.707106781186547,1.19434011948696e-15,1,0.707106781186548,-0.707106781186547
0.591244725738397,1,0,0,0,0,0,-1.83697019872103e-16,-1,-1,3.67394039744206e-16,5.51091059616309e-16,1
0.592299578059072,1,0,0,0,0,0,0.707106781186547,-0.707106781186548,-4.28626379701574e-16,-1,-0.707106781186547,-0.707106781186548
0.593354430379747,0,1,0,0,0,0,1,0,1,0,1,0
0.594409282700422,0,1,0,0,0,0,0.707106781186548,0.707106781186547,6.12323399573677e-17,1,-0.707106781186547,0.707106781186548
0.595464135021097,0,1,0,0,0,0,6.12323399573677e-17,1,-1,1.22464679914735e-16,-1.83697019872103e-16,-1
0.596518987341772,0,1,0,0,0,0,-0.707106781186547,0.707106781186548,-1.83697019872103e-16,-1,0.707106781186548,0.707106781186547
0.597573839662447,0,1,0,0,0,0,-1,1.22464679914735e-16,1,-2.44929359829471e-16,-1,3.67394039744206e-16
0.598628691983122,0,1,0,0,0,0,-0.707106781186548,-0.707106781186547,1.19434011948696e-15,1,0.707106781186548,-0.707106781186547
0.599683544303797,0,1,0,0,0,0,-1.83697019872103e-16,-1,-1,3.67394039744206e-16,5.51091059616309e-16,1
0.600738396624473,0,1,0,0,0,0,0.707106781186547,-0.707106781186548,-4.28626379701574e-16,-1,-0.707106781186547,-0.707106781186548
0.601793248945148,0,0,1,0,0,0,1,0,1,0,1,0
0.602848101265823,0,0,1,0,0,0,0.707106781186548,0.707106781186547,6.12323399573677e-17,1,-0.707106781186547,0.707106781186548
0.603902953586498,0,0,1,0,0,0,6.12323399573677e-17,1,-1,1.22464679914735e-16,-1.83697019872103e-16,-1
0.604957805907173,0,0,1,0,0,0,-0.707106781186547,0.707106781186548,-1.83697019872103e-16,-1,0.707106781186548,0.707106781186547
0.606012658227848,0,0,1,0,0,0,-1,1.22464679914735e-16,1,-2.44929359829471e-16,-1,3.67394039744206e-16
0.607067510548523,0,0,1,0,0,0,-0.707106781186548,-0.707106781186547,1.19434011948696e-15,1,0.707106781186548,-0.707106781186547
0.608122362869198,0,0,1,0,0,0,-1.83697019872103e-16,-1,-1,3.67394039744206e-16,5.51091059616309e-16,1
0.609177215189873,0,0,1,0,0,0,0.707106781186547,-0.707106781186548,-4.28626379701574e-16,-1,-0.707106781186547,-0.707106781186548
0.610232067510548,0,0,0,1,0,0,1,0,1,0,1,0
0.611286919831224,0,0,0,1,0,0,0.707106781186548,0.707106781186547,6.12323399573677e-17,1,-0.707106781186547,0.707106781186548
0.612341772151899,0,0,0,1,0,0,6.12323399573677e-17,1,-1,1.22464679914735e-16,-1.83697019872103e-16,-1
0.613396624472574,0,0,0,1,0,0,-0.707106781186547,0.707106781186548,-1.83697019872103e-16,-1,0.707106781186548,0.707106781186547
0.614451476793249,0,0,0,1,0,0,-1,1.22464679914735e-16,1,-2.44929359829471e-16,-1,3.67394039744206e-16
0.615506329113924,0,0,0,1,0,0,-0.707106781186548,-0.707106781186547,1.19434011948696e-15,1,0.707106781186548,-0.707106781186547
0.616561181434599,0,0,0,1,0,0,-1.83697019872103e-16,-1,-1,3.67394039744206e-16,5.51091059616309e-16,1
0.617616033755274,0,0,0,1,0,0,0.707106781186547,-0.707106781186548,-4.28626379701574e-16,-1,-0.707106781186547,-0.707106781186548
0.618670886075949,0,0,0,0,1,0,1,0,1,0,1,0
0.619725738396624,0,0,0,0,1,0,0.707106781186548,0.707106781186547,6.12323399573677e-17,1,-0.707106781186547,0.707106781186548
0.6207805907173,0,0,0,0,1,0,6.12323399573677e-17,1,-1,1.22464679914735e-16,-1.83697019872103e-16,-1
0.621835443037975,0,0,0,0,1,0,-0.707106781186547,0.707106781186548,-1.83697019872103e-16,-1,0.707106781186548,0.707106781186547
0.62289029535865,0,0,0,0,1,0,-1,1.22464679914735e-16,1,-2.44929359829471e-16,-1,3.67394039744206e-16
0.623945147679325,0,0,0,0,1,0,-0.707106781186548,-0.707106781186547,1.19434011948696e-15,1,0.707106781186548,-0.707106781186547
0.625,0,0,0,0,1,0,-1.83697019872103e-16,-1,-1,3.67394039744206e-16,5.51091059616309e-16,1
0.626054852320675,0,0,0,0,1,0,0.707106781186547,-0.707106781186548,-4.28626379701574e-16,-1,-0.707106781186547,-0.707106781186548
0.62710970464135,0,0,0,0,0,1,1,0,1,0,1,0
0.628164556962025,0,0,0,0,0,1,0.707106781186548,0.707106781186547,6.12323399573677e-17,1,-0.707106781186547,0.707106781186548
0.6292194092827,0,0,0,0,0,1,6.12323399573677e-17,1,-1,1.22464679914735e-16,-1.83697019872103e-16,-1
0.630274261603376,0,0,0,0,0,1,-0.707106781186547,0.707106781186548,-1.83697019872103e-16,-1,0.707106781186548,0.707106781186547
0.631329113924051,0,0,0,0,0,1,-1,1.22464679914735e-16,1,-2.44929359829471e-16,-1,3.67394039744206e-16
0.632383966244726,0,0,0,0,0,1,-0.707106781186548,-0.707106781186547,1.19434011948696e-15,1,0.707106781186548,-0.707106781186547
0.633438818565401,0,0,0,0,0,1,-1.83697019872103e-16,-1,-1,3.67394039744206e-16,5.51091059616309e-16,1
0.634493670886076,0,0,0,0,0,1,0.707106781186547,-0.707106781186548,-4.28626379701574e-16,-1,-0.707106781186547,-0.707106781186548
0.635548523206751,0,0,0,0,0,0,1,0,1,0,1,0
0.636603375527426,0,0,0,0,0,0,0.707106781186548,0.707106781186547,6.12323399573677e-17,1,-0.707106781186547,0.707106781186548
0.637658227848101,0,0,0,0,0,0,6.12323399573677e-17,1,-1,1.22464679914735e-16,-1.83697019872103e-16,-1
0.638713080168776,0,0,0,0,0,0,-0.707106781186547,0.707106781186548,-1.83697019872103e-16,-1,0.707106781186548,0.707106781186547
0.639767932489452,0,0,0,0,0,0,-1,1.22464679914735e-16,1,-2.44929359829471e-16,-1,3.67394039744206e-16
0.640822784810127,0,0,0,0,0,0,-0.707106781186548,-0.707106781186547,1.19434011948696e-15,1,0.707106781186548,-0.707106781186547
0.641877637130802,0,0,0,0,0,0,-1.83697019872103e-16,-1,-1,3.67394039744206e-16,5.51091059616309e-16,1
0.642932489451477,0,0,0,0,0,0,0.707106781186547,-0.707106781186548,-4.28626379701574e-16,-1,-0.707106781186547,-0.707106781186548
0.643987341772152,1,0,0,0,0,0,1,0,1,0,1,0
0.645042194092827,1,0,0,0,0,0,0.707106781186548,0.707106781186547,6.12323399573677e-17,1,-0.707106781186547,0.707106781186548
0.646097046413502,1,0,0,0,0,0,6.12323399573677e-17,1,-1,1.22464679914735e-16,-1.83697019872103e-16,-1
0.647151898734177,1,0,0,0,0,0,-0.707106781186547,0.707106781186548,-1.83697019872103e-16,-1,0.707106781186548,0.707106781186547
0.648206751054852,1,0,0,0,0,0,-1,1.22464679914735e-16,1,-2.44929359829471e-16,-1,3.67394039744206e-16
0.649261603375527,1,0,0,0,0,0,-0.707106781186548,-0.707106781186547,1.19434011948696e-15,1,0.707106781186548,-0.707106781186547
0.650316455696203,1,0,0,0,0,0,-1.83697019872103e-16,-1,-1,3.67394039744206e-16,5.51091059616309e-16,1
0.651371308016878,1,0,0,0,0,0,0.707106781186547,-0.707106781186548,-4.28626379701574e-16,-1,-0.707106781186547,-0.707106781186548
0.652426160337553,0,1,0,0,0,0,1,0,1,0,1,0
0.653481012658228,0,1,0,0,0,0,0.707106781186548,0.707106781186547,6.12323399573677e-17,1,-0.707106781186547,0.707106781186548
0.654535864978903,0,1,0,0,0,0,6.12323399573677e-17,1,-1,1.22464679914735e-16,-1.83697019872103e-16,-1
0.655590717299578,0,1,0,0,0,0,-0.707106781186547,0.707106781186548,-1.83697019872103e-16,-1,0.707106781186548,0.707106781186547
0.656645569620253,0,1,0,0,0,0,-1,1.22464679914735e-16,1,-2.44929359829471e-16,-1,3.67394039744206e-16
0.657700421940928,0,1,0,0,0,0,-0.707106781186548,-0.707106781186547,1.19434011948696e-15,1,0.707106781186548,-0.707106781186547
0.658755274261603,0,1,0,0,0,0,-1.83697019872103e-16,-1,-1,3.67394039744206e-16,5.51091059616309e-16,1
0.659810126582278,0,1,0,0,0,0,0.707106781186547,-0.707106781186548,-4.28626379701574e-16,-1,-0.707106781186547,-0.707106781186548
0.660864978902954,0,0,1,0,0,0,1,0,1,0,1,0
0.661919831223629,0,0,1,0,0,0,0.707106781186548,0.707106781186547,6.12323399573677e-17,1,-0.707106781186547,0.707106781186548
0.662974683544304,0,0,1,0,0,0,6.12323399573677e-17,1,-1,1.22464679914735e-16,-1.83697019872103e-16,-1
0.664029535864979,0,0,1,0,0,0,-0.707106781186547,0.707106781186548,-1.83697019872103e-16,-1,0.707106781186548,0.707106781186547
0.665084388185654,0,0,1,0,0,0,-1,1.22464679914735e-16,1,-2.44929359829471e-16,-1,3.67394039744206e-16
0.666139240506329,0,0,1,0,0,0,-0.707106781186548,-0.707106781186547,1.19434011948696e-15,1,0.707106781186548,-0.707106781186547
0.667194092827004,0,0,1,0,0,0,-1.83697019872103e-16,-1,-1,3.67394039744206e-16,5.51091059616309e-16,1
0.668248945147679,0,0,1,0,0,0,0.707106781186547,-0.707106781186548,-4.28626379701574e-16,-1,-0.707106781186547,-0.707106781186548
0.669303797468354,0,0,0,1,0,0,1,0,1,0,1,0
0.67035864978903,0,0,0,1,0,0,0.707106781186548,0.707106781186547,6.12323399573677e-17,1,-0.707106781186547,0.707106781186548
0.671413502109705,0,0,0,1,0,0,6.12323399573677e-17,1,-1,1.22464679914735e-16,-1.83697019872103e-16,-1
0.67246835443038,0,0,0,1,0,0,-0.707106781186547,0.707106781186548,-1.83697019872103e-16,-1,0.707106781186548,0.707106781186547
0.673523206751055,0,0,0,1,0,0,-1,1.22464679914735e-16,1,-2.44929359829471e-16,-1,3.67394039744206e-16
0.67457805907173,0,0,0,1,0,0,-0.707106781186548,-0.707106781186547,1.19434011948696e-15,1,0.707106781186548,-0.707106781186547
0.675632911392405,0,0,0,1,0,0,-1.83697019872103e-16,-1,-1,3.67394039744206e-16,5.51091059616309e-16,1
0.67668776371308,0,0,0,1,0,0,0.707106781186547,-0.707106781186548,-4.28626379701574e-16,-1,-0.707106781186547,-0.707106781186548
0.677742616033755,0,0,0,0,1,0,1,0,1,0,1,0
0.67879746835443,0,0,0,0,1,0,0.707106781186548,0.707106781186547,6.12323399573677e-17,1,-0.707106781186547,0.707106781186548
0.679852320675105,0,0,0,0,1,0,6.12323399573677e-17,1,-1,1.22464679914735e-16,-1.83697019872103e-16,-1
0.680907172995781,0,0,0,0,1,0,-0.707106781186547,0.707106781186548,-1.83697019872103e-16,-1,0.707106781186548,0.707106781186547
0.681962025316456,0,0,0,0,1,0,-1,1.22464679914735e-16,1,-2.44929359829471e-16,-1,3.67394039744206e-16
0.683016877637131,0,0,0,0,1,0,-0.707106781186548,-0.707106781186547,1.19434011948696e-15,1,0.707106781186548,-0.707106781186547
0.684071729957806,0,0,0,0,1,0,-1.83697019872103e-16,-1,-1,3.67394039744206e-16,5.51091059616309e-16,1
0.685126582278481,0,0,0,0,1,0,0.707106781186547,-0.707106781186548,-4.28626379701574e-16,-1,-0.707106781186547,-0.707106781186548
0.686181434599156,0,0,0,0,0,1,1,0,1,0,1,0
0.687236286919831,0,0,0,0,0,1,0.707106781186548,0.707106781186547,6.12323399573677e-17,1,-0.707106781186547,0.707106781186548
0.688291139240506,0,0,0,0,0,1,6.12323399573677e-17,1,-1,1.22464679914735e-16,-1.83697019872103e-16,-1
0.689345991561181,0,0,0,0,0,1,-0.707106781186547,0.707106781186548,-1.83697019872103e-16,-1,0.707106781186548,0.707106781186547
0.690400843881857,0,0,0,0,0,1,-1,1.22464679914735e-16,1,-2.44929359829471e-16,-1,3.67394039744206e-16
0.691455696202532,0,0,0,0,0,1,-0.707106781186548,-0.707106781186547,1.19434011948696e-15,1,0.707106781186548,-0.707106781186547
0.692510548523207,0,0,0,0,0,1,-1.83697019872103e-16,-1,-1,3.67394039744206e-16,5.51091059616309e-16,1
0.693565400843882,0,0,0,0,0,1,0.707106781186547,-0.707106781186548,-4.28626379701574e-16,-1,-0.707106781186547,-0.707106781186548
0.694620253164557,0,0,0,0,0,0,1,0,1,0,1,0
0.695675105485232,0,0,0,0,0,0,0.707106781186548,0.707106781186547,6.12323399573677e-17,1,-0.707106781186547,0.707106781186548
0.696729957805907,0,0,0,0,0,0,6.12323399573677e-17,1,-1,1.22464679914735e-16,-1.83697019872103e-16,-1
0.697784810126582,0,0,0,0,0,0,-0.707106781186547,0.707106781186548,-1.83697019872103e-16,-1,0.707106781186548,0.707106781186547
0.698839662447257,0,0,0,0,0,0,-1,1.22464679914735e-16,1,-2.44929359829471e-16,-1,3.67394039744206e-16
0.699894514767933,0,0,0,0,0,0,-0.707106781186548,-0.707106781186547,1.19434011948696e-15,1,0.707106781186548,-0.707106781186547
0.700949367088608,0,0,0,0,0,0,-1.83697019872103e-16,-1,-1,3.67394039744206e-16,5.51091059616309e-16,1
0.702004219409283,0,0,0,0,0,0,0.707106781186547,-0.707106781186548,-4.28626379701574e-16,-1,-0.707106781186547,-0.707106781186548
0.703059071729958,1,0,0,0,0,0,1,0,1,0,1,0
0.704113924050633,1,0,0,0,0,0,0.707106781186548,0.707106781186547,6.12323399573677e-17,1,-0.707106781186547,0.707106781186548
0.705168776371308,1,0,0,0,0,0,6.12323399573677e-17,1,-1,1.22464679914735e-16,-1.83697019872103e-16,-1
0.706223628691983,1,0,0,0,0,0,-0.707106781186547,0.707106781186548,-1.83697019872103e-16,-1,0.707106781186548,0.707106781186547
0.707278481012658,1,0,0,0,0,0,-1,1.22464679914735e-16,1,-2.44929359829471e-16,-1,3.67394039744206e-16
0.708333333333333,1,0,0,0,0,0,-0.707106781186548,-0.707106781186547,1.19434011948696e-15,1,0.707106781186548,-0.707106781186547
0.709388185654008,1,0,0,0,0,0,-1.83697019872103e-16,-1,-1,3.67394039744206e-16,5.51091059616309e-16,1
0.710443037974684,1,0,0,0,0,0,0.707106781186547,-0.707106781186548,-4.28626379701574e-16,-1,-0.707106781186547,-0.707106781186548
0.711497890295359,0,1,0,0,0,0,1,0,1,0,1,0
0.712552742616034,0,1,0,0,0,0,0.707106781186548,0.707106781186547,6.12323399573677e-17,1,-0.707106781186547,0.707106781186548
0.713607594936709,0,1,0,0,0,0,6.12323399573677e-17,1,-1,1.22464679914735e-16,-1.83697019872103e-16,-1
0.714662447257384,0,1,0,0,0,0,-0.707106781186547,0.707106781186548,-1.83697019872103e-16,-1,0.707106781186548,0.707106781186547
0.715717299578059,0,1,0,0,0,0,-1,1.22464679914735e-16,1,-2.44929359829471e-16,-1,3.67394039744206e-16
0.716772151898734,0,1,0,0,0,0,-0.707106781186548,-0.707106781186547,1.19434011948696e-15,1,0.707106781186548,-0.707106781186547
0.717827004219409,0,1,0,0,0,0,-1.83697019872103e-16,-1,-1,3.67394039744206e-16,5.51091059616309e-16,1
0.718881856540084,0,1,0,0,0,0,0.707106781186547,-0.707106781186548,-4.28626379701574e-16,-1,-0.707106781186547,-0.707106781186548
0.71993670886076,0,0,1,0,0,0,1,0,1,0,1,0
0.720991561181435,0,0,1,0,0,0,0.707106781186548,0.707106781186547,6.12323399573677e-17,1,-0.707106781186547,0.707106781186548
0.72204641350211,0,0,1,0,0,0,6.12323399573677e-17,1,-1,1.22464679914735e-16,-1.83697019872103e-16,-1
0.723101265822785,0,0,1,0,0,0,-0.707106781186547,0.707106781186548,-1.83697019872103e-16,-1,0.707106781186548,0.707106781186547
0.72415611814346,0,0,1,0,0,0,-1,1.22464679914735e-16,1,-2.44929359829471e-16,-1,3.67394039744206e-16
0.725210970464135,0,0,1,0,0,0,-0.707106781186548,-0.707106781186547,1.19434011948696e-15,1,0.707106781186548,-0.707106781186547
0.72626582278481,0,0,1,0,0,0,-1.83697019872103e-16,-1,-1,3.67394039744206e-16,5.51091059616309e-16,1
0.727320675105485,0,0,1,0,0,0,0.707106781186547,-0.707106781186548,-4.28626379701574e-16,-1,-0.707106781186547,-0.707106781186548
0.72837552742616,0,0,0,1,0,0,1,0,1,0,1,0
0.729430379746835,0,0,0,1,0,0,0.707106781186548,0.707106781186547,6.12323399573677e-17,1,-0.707106781186547,0.707106781186548
0.730485232067511,0,0,0,1,0,0,6.12323399573677e-17,1,-1,1.22464679914735e-16,-1.83697019872103e-16,-1
0.731540084388186,0,0,0,1,0,0,-0.707106781186547,0.707106781186548,-1.83697019872103e-16,-1,0.707106781186548,0.707106781186547
0.732594936708861,0,0,0,1,0,0,-1,1.22464679914735e-16,1,-2.44929359829471e-16,-1,3.67394039744206e-16
0.733649789029536,0,0,0,1,0,0,-0.707106781186548,-0.707106781186547,1.19434011948696e-15,1,0.707106781186548,-0.707106781186547
0.734704641350211,0,0,0,1,0,0,-1.83697019872103e-16,-1,-1,3.67394039744206e-16,5.51091059616309e-16,1
0.735759493670886,0,0,0,1,0,0,0.707106781186547,-0.707106781186548,-4.28626379701574e-16,-1,-0.707106781186547,-0.707106781186548
0.736814345991561,0,0,0,0,1,0,1,0,1,0,1,0
0.737869198312236,0,0,0,0,1,0,0.707106781186548,0.707106781186547,6.12323399573677e-17,1,-0.707106781186547,0.707106781186548
0.738924050632911,0,0,0,0,1,0,6.12323399573677e-17,1,-1,1.22464679914735e-16,-1.83697019872103e-16,-1
0.739978902953586,0,0,0,0,1,0,-0.707106781186547,0.707106781186548,-1.83697019872103e-16,-1,0.707106781186548,0.707106781186547
0.741033755274262,0,0,0,0,1,0,-1,1.22464679914735e-16,1,-2.44929359829471e-16,-1,3.67394039744206e-16
0.742088607594937,0,0,0,0,1,0,-0.707106781186548,-0.707106781186547,1.19434011948696e-15,1,0.707106781186548,-0.707106781186547
0.743143459915612,0,0,0,0,1,0,-1.83697019872103e-16,-1,-1,3.67394039744206e-16,5.51091059616309e-16,1
0.744198312236287,0,0,0,0,1,0,0.707106781186547,-0.707106781186548,-4.28626379701574e-16,-1,-0.707106781186547,-0.707106781186548
0.745253164556962,0,0,0,0,0,1,1,0,1,0,1,0
0.746308016877637,0,0,0,0,0,1,0.707106781186548,0.707106781186547,6.12323399573677e-17,1,-0.707106781186547,0.707106781186548
0.747362869198312,0,0,0,0,0,1,6.12323399573677e-17,1,-1,1.22464679914735e-16,-1.83697019872103e-16,-1
0.748417721518987,0,0,0,0,0,1,-0.707106781186547,0.707106781186548,-1.83697019872103e-16,-1,0.707106781186548,0.707106781186547
0.749472573839662,0,0,0,0,0,1,-1,1.22464679914735e-16,1,-2.44929359829471e-16,-1,3.67394039744206e-16
0.750527426160338,0,0,0,0,0,1,-0.707106781186548,-0.707106781186547,1.19434011948696e-15,1,0.707106781186548,-0.707106781186547
0.751582278481013,0,0,0,0,0,1,-1.83697019872103e-16,-1,-1,3.67394039744206e-16,5.51091059616309e-16,1
0.752637130801688,0,0,0,0,0,1,0.707106781186547,-0.707106781186548,-4.28626379701574e-16,-1,-0.707106781186547,-0.707106781186548
0.753691983122363,0,0,0,0,0,0,1,0,1,0,1,0
0.754746835443038,0,0,0,0,0,0,0.707106781186548,0.707106781186547,6.12323399573677e-17,1,-0.707106781186547,0.707106781186548
0.755801687763713,0,0,0,0,0,0,6.12323399573677e-17,1,-1,1.22464679914735e-16,-1.83697019872103e-16,-1
0.756856540084388,0,0,0,0,0,0,-0.707106781186547,0.707106781186548,-1.83697019872103e-16,-1,0.707106781186548,0.707106781186547
0.757911392405063,0,0,0,0,0,0,-1,1.22464679914735e-16,1,-2.44929359829471e-16,-1,3.67394039744206e-16
0.758966244725738,0,0,0,0,0,0,-0.707106781186548,-0.707106781186547,1.19434011948696e-15,1,0.707106781186548,-0.707106781186547
0.760021097046414,0,0,0,0,0,0,-1.83697019872103e-16,-1,-1,3.67394039744206e-16,5.51091059616309e-16,1
0.761075949367089,0,0,0,0,0,0,0.707106781186547,-0.707106781186548,-4.28626379701574e-16,-1,-0.707106781186547,-0.707106781186548
0.762130801687764,1,0,0,0,0,0,1,0,1,0,1,0
0.763185654008439,1,0,0,0,0,0,0.707106781186548,0.707106781186547,6.12323399573677e-17,1,-0.707106781186547,0.707106781186548
0.764240506329114,1,0,0,0,0,0,6.12323399573677e-17,1,-1,1.22464679914735e-16,-1.83697019872103e-16,-1
0.765295358649789,1,0,0,0,0,0,-0.707106781186547,0.707106781186548,-1.83697019872103e-16,-1,0.707106781186548,0.707106781186547
0.766350210970464,1,0,0,0,0,0,-1,1.22464679914735e-16,1,-2.44929359829471e-16,-1,3.67394039744206e-16
0.767405063291139,1,0,0,0,0,0,-0.707106781186548,-0.707106781186547,1.19434011948696e-15,1,0.707106781186548,-0.707106781186547
0.768459915611814,1,0,0,0,0,0,-1.83697019872103e-16,-1,-1,3.67394039744206e-16,5.51091059616309e-16,1
0.769514767932489,1,0,0,0,0,0,0.707106781186547,-0.707106781186548,-4.28626379701574e-16,-1,-0.707106781186547,-0.707106781186548
0.770569620253165,0,1,0,0,0,0,1,0,1,0,1,0
0.77162447257384,0,1,0,0,0,0,0.707106781186548,0.707106781186547,6.12323399573677e-17,1,-0.707106781186547,0.707106781186548
0.772679324894515,0,1,0,0,0,0,6.12323399573677e-17,1,-1,1.22464679914735e-16,-1.83697019872103e-16,-1
0.77373417721519,0,1,0,0,0,0,-0.707106781186547,0.707106781186548,-1.83697019872103e-16,-1,0.707106781186548,0.707106781186547
0.774789029535865,0,1,0,0,0,0,-1,1.22464679914735e-16,1,-2.44929359829471e-16,-1,3.67394039744206e-16
0.77584388185654,0,1,0,0,0,0,-0.707106781186548,-0.707106781186547,1.19434011948696e-15,1,0.707106781186548,-0.707106781186547
0.776898734177215,0,1,0,0,0,0,-1.83697019872103e-16,-1,-1,3.67394039744206e-16,5.51091059616309e-16,1
0.77795358649789,0,1,0,0,0,0,0.707106781186547,-0.707106781186548,-4.28626379701574e-16,-1,-0.707106781186547,-0.707106781186548
0.779008438818565,0,0,1,0,0,0,1,0,1,0,1,0
0.78006329113924,0,0,1,0,0,0,0.707106781186548,0.707106781186547,6.12323399573677e-17,1,-0.707106781186547,0.707106781186548
0.781118143459916,0,0,1,0,0,0,6.12323399573677e-17,1,-1,1.22464679914735e-16,-1.83697019872103e-16,-1
0.782172995780591,0,0,1,0,0,0,-0.707106781186547,0.707106781186548,-1.83697019872103e-16,-1,0.707106781186548,0.707106781186547
0.783227848101266,0,0,1,0,0,0,-1,1.22464679914735e-16,1,-2.44929359829471e-16,-1,3.67394039744206e-16
0.784282700421941,0,0,1,0,0,0,-0.707106781186548,-0.707106781186547,1.19434011948696e-15,1,0.707106781186548,-0.707106781186547
0.785337552742616,0,0,1,0,0,0,-1.83697019872103e-16,-1,-1,3.67394039744206e-16,5.51091059616309e-16,1
0.786392405063291,0,0,1,0,0,0,0.707106781186547,-0.707106781186548,-4.28626379701574e-16,-1,-0.707106781186547,-0.707106781186548
0.787447257383966,0,0,0,1,0,0,1,0,1,0,1,0
0.788502109704641,0,0,0,1,0,0,0.707106781186548,0.707106781186547,6.12323399573677e-17,1,-0.707106781186547,0.707106781186548
0.789556962025316,0,0,0,1,0,0,6.12323399573677e-17,1,-1,1.22464679914735e-16,-1.83697019872103e-16,-1
0.790611814345992,0,0,0,1,0,0,-0.707106781186547,0.707106781186548,-1.83697019872103e-16,-1,0.707106781186548,0.707106781186547
0.791666666666667,0,0,0,1,0,0,-1,1.22464679914735e-16,1,-2.44929359829471e-16,-1,3.67394039744206e-16
0.792721518987342,0,0,0,1,0,0,-0.707106781186548,-0.707106781186547,1.19434011948696e-15,1,0.707106781186548,-0.707106781186547
0.793776371308017,0,0,0,1,0,0,-1.83697019872103e-16,-1,-1,3.67394039744206e-16,5.51091059616309e-16,1
0.794831223628692,0,0,0,1,0,0,0.707106781186547,-0.707106781186548,-4.28626379701574e-16,-1,-0.707106781186547,-0.707106781186548
0.795886075949367,0,0,0,0,1,0,1,0,1,0,1,0
0.796940928270042,0,0,0,0,1,0,0.707106781186548,0.707106781186547,6.12323399573677e-17,1,-0.707106781186547,0.707106781186548
0.797995780590717,0,0,0,0,1,0,6.12323399573677e-17,1,-1,1.22464679914735e-16,-1.83697019872103e-16,-1
0.799050632911392,0,0,0,0,1,0,-0.707106781186547,0.707106781186548,-1.83697019872103e-16,-1,0.707106781186548,0.707106781186547
0.800105485232067,0,0,0,0,1,0,-1,1.22464679914735e-16,1,-2.44929359829471e-16,-1,3.67394039744206e-16
0.801160337552743,0,0,0,0,1,0,-0.707106781186548,-0.707106781186547,1.19434011948696e-15,1,0.707106781186548,-0.707106781186547
0.802215189873418,0,0,0,0,1,0,-1.83697019872103e-16,-1,-1,3.67394039744206e-16,5.51091059616309e-16,1
0.803270042194093,0,0,0,0,1,0,0.707106781186547,-0.707106781186548,-4.28626379701574e-16,-1,-0.707106781186547,-0.707106781186548
0.804324894514768,0,0,0,0,0,1,1,0,1,0,1,0
0.805379746835443,0,0,0,0,0,1,0.707106781186548,0.707106781186547,6.12323399573677e-17,1,-0.707106781186547,0.707106781186548
0.806434599156118,0,0,0,0,0,1,6.12323399573677e-17,1,-1,1.22464679914735e-16,-1.83697019872103e-16,-1
0.807489451476793,0,0,0,0,0,1,-0.707106781186547,0.707106781186548,-1.83697019872103e-16,-1,0.707106781186548,0.707106781186547
0.808544303797468,0,0,0,0,0,1,-1,1.22464679914735e-16,1,-2.44929359829471e-16,-1,3.67394039744206e-16
0.809599156118143,0,0,0,0,0,1,-0.707106781186548,-0.707106781186547,1.19434011948696e-15,1,0.707106781186548,-0.707106781186547
0.810654008438819,0,0,0,0,0,1,-1.83697019872103e-16,-1,-1,3.67394039744206e-16,5.51091059616309e-16,1
0.811708860759494,0,0,0,0,0,1,0.707106781186547,-0.707106781186548,-4.28626379701574e-16,-1,-0.707106781186547,-0.707106781186548
0.812763713080169,0,0,0,0,0,0,1,0,1,0,1,0
0.813818565400844,0,0,0,0,0,0,0.707106781186548,0.707106781186547,6.12323399573677e-17,1,-0.707106781186547,0.707106781186548
0.814873417721519,0,0,0,0,0,0,6.12323399573677e-17,1,-1,1.22464679914735e-16,-1.83697019872103e-16,-1
0.815928270042194,0,0,0,0,0,0,-0.707106781186547,0.707106781186548,-1.83697019872103e-16,-1,0.707106781186548,0.707106781186547
0.816983122362869,0,0,0,0,0,0,-1,1.22464679914735e-16,1,-2.44929359829471e-16,-1,3.67394039744206e-16
0.818037974683544,0,0,0,0,0,0,-0.707106781186548,-0.707106781186547,1.19434011948696e-15,1,0.707106781186548,-0.707106781186547
0.819092827004219,0,0,0,0,0,0,-1.83697019872103e-16,-1,-1,3.67394039744206e-16,5.51091059616309e-16,1
0.820147679324895,0,0,0,0,0,0,0.707106781186547,-0.707106781186548,-4.28626379701574e-16,-1,-0.707106781186547,-0.707106781186548
0.82120253164557,1,0,0,0,0,0,1,0,1,0,1,0
0.822257383966245,1,0,0,0,0,0,0.707106781186548,0.707106781186547,6.12323399573677e-17,1,-0.707106781186547,0.707106781186548
0.82331223628692,1,0,0,0,0,0,6.12323399573677e-17,1,-1,1.22464679914735e-16,-1.83697019872103e-16,-1
0.824367088607595,1,0,0,0,0,0,-0.707106781186547,0.707106781186548,-1.83697019872103e-16,-1,0.707106781186548,0.707106781186547
0.82542194092827,1,0,0,0,0,0,-1,1.22464679914735e-16,1,-2.44929359829471e-16,-1,3.67394039744206e-16
0.826476793248945,1,0,0,0,0,0,-0.707106781186548,-0.707106781186547,1.19434011948696e-15,1,0.707106781186548,-0.707106781186547
0.82753164556962,1,0,0,0,0,0,-1.83697019872103e-16,-1,-1,3.67394039744206e-16,5.51091059616309e-16,1
0.828586497890295,1,0,0,0,0,0,0.707106781186547,-0.707106781186548,-4.28626379701574e-16,-1,-0.707106781186547,-0.707106781186548
0.82964135021097,0,1,0,0,0,0,1,0,1,0,1,0
0.830696202531646,0,1,0,0,0,0,0.707106781186548,0.707106781186547,6.12323399573677e-17,1,-0.707106781186547,0.707106781186548
0.831751054852321,0,1,0,0,0,0,6.12323399573677e-17,1,-1,1.22464679914735e-16,-1.83697019872103e-16,-1
0.832805907172996,0,1,0,0,0,0,-0.707106781186547,0.707106781186548,-1.83697019872103e-16,-1,0.707106781186548,0.707106781186547
0.833860759493671,0,1,0,0,0,0,-1,1.22464679914735e-16,1,-2.44929359829471e-16,-1,3.67394039744206e-16
0.834915611814346,0,1,0,0,0,0,-0.707106781186548,-0.707106781186547,1.19434011948696e-15,1,0.707106781186548,-0.707106781186547
0.835970464135021,0,1,0,0,0,0,-1.83697019872103e-16,-1,-1,3.67394039744206e-16,5.51091059616309e-16,1
0.837025316455696,0,1,0,0,0,0,0.707106781186547,-0.707106781186548,-4.28626379701574e-16,-1,-0.707106781186547,-0.707106781186548
0.838080168776371,0,0,1,0,0,0,1,0,1,0,1,0
0.839135021097046,0,0,1,0,0,0,0.707106781186548,0.707106781186547,6.12323399573677e-17,1,-0.707106781186547,0.707106781186548
0.840189873417722,0,0,1,0,0,0,6.12323399573677e-17,1,-1,1.22464679914735e-16,-1.83697019872103e-16,-1
0.841244725738397,0,0,1,0,0,0,-0.707106781186547,0.707106781186548,-1.83697019872103e-16,-1,0.707106781186548,0.707106781186547
0.842299578059072,0,0,1,0,0,0,-1,1.22464679914735e-16,1,-2.44929359829471e-16,-1,3.67394039744206e-16
0.843354430379747,0,0,1,0,0,0,-0.707106781186548,-0.707106781186547,1.19434011948696e-15,1,0.707106781186548,-0.707106781186547
0.844409282700422,0,0,1,0,0,0,-1.83697019872103e-16,-1,-1,3.67394039744206e-16,5.51091059616309e-16,1
0.845464135021097,0,0,1,0,0,0,0.707106781186547,-0.707106781186548,-4.28626379701574e-16,-1,-0.707106781186547,-0.707106781186548
0.846518987341772,0,0,0,1,0,0,1,0,1,0,1,0
0.847573839662447,0,0,0,1,0,0,0.707106781186548,0.707106781186547,6.12323399573677e-17,1,-0.707106781186547,0.707106781186548
0.848628691983122,0,0,0,1,0,0,6.12323399573677e-17,1,-1,1.22464679914735e-16,-1.83697019872103e-16,-1
0.849683544303797,0,0,0,1,0,0,-0.707106781186547,0.707106781186548,-1.83697019872103e-16,-1,0.707106781186548,0.707106781186547
0.850738396624473,0,0,0,1,0,0,-1,1.22464679914735e-16,1,-2.44929359829471e-16,-1,3.67394039744206e-16
0.851793248945148,0,0,0,1,0,0,-0.707106781186548,-0.707106781186547,1.19434011948696e-15,1,0.707106781186548,-0.707106781186547
0.852848101265823,0,0,0,1,0,0,-1.83697019872103e-16,-1,-1,3.67394039744206e-16,5.51091059616309e-16,1
0.853902953586498,0,0,0,1,0,0,0.707106781186547,-0.707106781186548,-4.28626379701574e-16,-1,-0.707106781186547,-0.707106781186548
0.854957805907173,0,0,0,0,1,0,1,0,1,0,1,0
0.856012658227848,0,0,0,0,1,0,0.707106781186548,0.707106781186547,6.12323399573677e-17,1,-0.707106781186547,0.707106781186548
0.857067510548523,0,0,0,0,1,0,6.12323399573677e-17,1,-1,1.22464679914735e-16,-1.83697019872103e-16,-1
0.858122362869198,0,0,0,0,1,0,-0.707106781186547,0.707106781186548,-1.83697019872103e-16,-1,0.707106781186548,0.707106781186547
0.859177215189873,0,0,0,0,1,0,-1,1.22464679914735e-16,1,-2.44929359829471e-16,-1,3.67394039744206e-16
0.860232067510548,0,0,0,0,1,0,-0.707106781186548,-0.707106781186547,1.19434011948696e-15,1,0.707106781186548,-0.707106781186547
0.861286919831224,0,0,0,0,1,0,-1.83697019872103e-16,-1,-1,3.67394039744206e-16,5.51091059616309e-16,1
0.862341772151899,0,0,0,0,1,0,0.707106781186547,-0.707106781186548,-4.28626379701574e-16,-1,-0.707106781186547,-0.707106781186548
0.863396624472574,0,0,0,0,0,1,1,0,1,0,1,0
0.864451476793249,0,0,0,0,0,1,0.707106781186548,0.707106781186547,6.12323399573677e-17,1,-0.707106781186547,0.707106781186548
0.865506329113924,0,0,0,0,0,1,6.12323399573677e-17,1,-1,1.22464679914735e-16,-1.83697019872103e-16,-1
0.866561181434599,0,0,0,0,0,1,-0.707106781186547,0.707106781186548,-1.83697019872103e-16,-1,0.707106781186548,0.707106781186547
0.867616033755274,0,0,0,0,0,1,-1,1.22464679914735e-16,1,-2.44929359829471e-16,-1,3.67394039744206e-16
0.868670886075949,0,0,0,0,0,1,-0.707106781186548,-0.707106781186547,1.19434011948696e-15,1,0.707106781186548,-0.707106781186547
0.869725738396624,0,0,0,0,0,1,-1.83697019872103e-16,-1,-1,3.67394039744206e-16,5.51091059616309e-16,1
0.8707805907173,0,0,0,0,0,1,0.707106781186547,-0.707106781186548,-4.28626379701574e-16,-1,-0.707106781186547,-0.707106781186548
0.871835443037975,0,0,0,0,0,0,1,0,1,0,1,0
0.87289029535865,0,0,0,0,0,0,0.707106781186548,0.707106781186547,6.12323399573677e-17,1,-0.707106781186547,0.707106781186548
0.873945147679325,0,0,0,0,0,0,6.12323399573677e-17,1,-1,1.22464679914735e-16,-1.83697019872103e-16,-1
0.875,0,0,0,0,0,0,-0.707106781186547,0.707106781186548,-1.83697019872103e-16,-1,0.707106781186548,0.707106781186547
0.876054852320675,0,0,0,0,0,0,-1,1.22464679914735e-16,1,-2.44929359829471e-16,-1,3.67394039744206e-16
0.87710970464135,0,0,0,0,0,0,-0.707106781186548,-0.707106781186547,1.19434011948696e-15,1,0.707106781186548,-0.707106781186547
0.878164556962025,0,0,0,0,0,0,-1.83697019872103e-16,-1,-1,3.67394039744206e-16,5.51091059616309e-16,1
0.8792194092827,0,0,0,0,0,0,0.707106781186547,-0.707106781186548,-4.28626379701574e-16,-1,-0.707106781186547,-0.707106781186548
0.880274261603376,1,0,0,0,0,0,1,0,1,0,1,0
0.881329113924051,1,0,0,0,0,0,0.707106781186548,0.707106781186547,6.12323399573677e-17,1,-0.707106781186547,0.707106781186548
0.882383966244726,1,0,0,0,0,0,6.12323399573677e-17,1,-1,1.22464679914735e-16,-1.83697019872103e-16,-1
0.883438818565401,1,0,0,0,0,0,-0.707106781186547,0.707106781186548,-1.83697019872103e-16,-1,0.707106781186548,0.707106781186547
0.884493670886076,1,0,0,0,0,0,-1,1.22464679914735e-16,1,-2.44929359829471e-16,-1,3.67394039744206e-16
0.885548523206751,1,0,0,0,0,0,-0.707106781186548,-0.707106781186547,1.19434011948696e-15,1,0.707106781186548,-0.707106781186547
0.886603375527426,1,0,0,0,0,0,-1.83697019872103e-16,-1,-1,3.67394039744206e-16,5.51091059616309e-16,1
0.887658227848101,1,0,0,0,0,0,0.707106781186547,-0.707106781186548,-4.28626379701574e-16,-1,-0.707106781186547,-0.707106781186548
0.888713080168776,0,1,0,0,0,0,1,0,1,0,1,0
0.889767932489452,0,1,0,0,0,0,0.707106781186548,0.707106781186547,6.12323399573677e-17,1,-0.707106781186547,0.707106781186548
0.890822784810127,0,1,0,0,0,0,6.12323399573677e-17,1,-1,1.22464679914735e-16,-1.83697019872103e-16,-1
0.891877637130802,0,1,0,0,0,0,-0.707106781186547,0.707106781186548,-1.83697019872103e-16,-1,0.707106781186548,0.707106781186547
0.892932489451477,0,1,0,0,0,0,-1,1.22464679914735e-16,1,-2.44929359829471e-16,-1,3.67394039744206e-16
0.893987341772152,0,1,0,0,0,0,-0.707106781186548,-0.707106781186547,1.19434011948696e-15,1,0.707106781186548,-0.707106781186547
0.895042194092827,0,1,0,0,0,0,-1.83697019872103e-16,-1,-1,3.67394039744206e-16,5.51091059616309e-16,1
0.896097046413502,0,1,0,0,0,0,0.707106781186547,-0.707106781186548,-4.28626379701574e-16,-1,-0.707106781186547,-0.707106781186548
0.897151898734177,0,0,1,0,0,0,1,0,1,0,1,0
0.898206751054852,0,0,1,0,0,0,0.707106781186548,0.707106781186547,6.12323399573677e-17,1,-0.707106781186547,0.707106781186548
0.899261603375527,0,0,1,0,0,0,6.12323399573677e-17,1,-1,1.22464679914735e-16,-1.83697019872103e-16,-1
0.900316455696203,0,0,1,0,0,0,-0.707106781186547,0.707106781186548,-1.83697019872103e-16,-1,0.707106781186548,0.707106781186547
0.901371308016878,0,0,1,0,0,0,-1,1.22464679914735e-16,1,-2.44929359829471e-16,-1,3.67394039744206e-16
0.902426160337553,0,0,1,0,0,0,-0.707106781186548,-0.707106781186547,1.19434011948696e-15,1,0.707106781186548,-0.707106781186547
0.903481012658228,0,0,1,0,0,0,-1.83697019872103e-16,-1,-1,3.67394039744206e-16,5.51091059616309e-16,1
0.904535864978903,0,0,1,0,0,0,0.707106781186547,-0.707106781186548,-4.28626379701574e-16,-1,-0.707106781186547,-0.707106781186548
0.905590717299578,0,0,0,1,0,0,1,0,1,0,1,0
0.906645569620253,0,0,0,1,0,0,0.707106781186548,0.707106781186547,6.12323399573677e-17,1,-0.707106781186547,0.707106781186548
0.907700421940928,0,0,0,1,0,0,6.12323399573677e-17,1,-1,1.22464679914735e-16,-1.83697019872103e-16,-1
0.908755274261603,0,0,0,1,0,0,-0.707106781186547,0.707106781186548,-1.83697019872103e-16,-1,0.707106781186548,0.707106781186547
0.909810126582278,0,0,0,1,0,0,-1,1.22464679914735e-16,1,-2.44929359829471e-16,-1,3.67394039744206e-16
0.910864978902954,0,0,0,1,0,0,-0.707106781186548,-0.707106781186547,1.19434011948696e-15,1,0.707106781186548,-0.707106781186547
0.911919831223629,0,0,0,1,0,0,-1.83697019872103e-16,-1,-1,3.67394039744206e-16,5.51091059616309e-16,1
0.912974683544304,0,0,0,1,0,0,0.707106781186547,-0.707106781186548,-4.28626379701574e-16,-1,-0.707106781186547,-0.707106781186548
0.914029535864979,0,0,0,0,1,0,1,0,1,0,1,0
0.915084388185654,0,0,0,0,1,0,0.707106781186548,0.707106781186547,6.12323399573677e-17,1,-0.707106781186547,0.707106781186548
0.916139240506329,0,0,0,0,1,0,6.12323399573677e-17,1,-1,1.22464679914735e-16,-1.83697019872103e-16,-1
0.917194092827004,0,0,0,0,1,0,-0.707106781186547,0.707106781186548,-1.83697019872103e-16,-1,0.707106781186548,0.707106781186547
0.918248945147679,0,0,0,0,1,0,-1,1.22464679914735e-16,1,-2.44929359829471e-16,-1,3.67394039744206e-16
0.919303797468354,0,0,0,0,1,0,-0.707106781186548,-0.707106781186547,1.19434011948696e-15,1,0.707106781186548,-0.707106781186547
0.92035864978903,0,0,0,0,1,0,-1.83697019872103e-16,-1,-1,3.67394039744206e-16,5.51091059616309e-16,1
0.921413502109705,0,0,0,0,1,0,0.707106781186547,-0.707106781186548,-4.28626379701574e-16,-1,-0.707106781186547,-0.707106781186548
0.92246835443038,0,0,0,0,0,1,1,0,1,0,1,0
0.923523206751055,0,0,0,0,0,1,0.707106781186548,0.707106781186547,6.12323399573677e-17,1,-0.707106781186547,0.707106781186548
0.92457805907173,0,0,0,0,0,1,6.12323399573677e-17,1,-1,1.22464679914735e-16,-1.83697019872103e-16,-1
0.925632911392405,0,0,0,0,0,1,-0.707106781186547,0.707106781186548,-1.83697019872103e-16,-1,0.707106781186548,0.707106781186547
0.92668776371308,0,0,0,0,0,1,-1,1.22464679914735e-16,1,-2.44929359829471e-16,-1,3.67394039744206e-16
0.927742616033755,0,0,0,0,0,1,-0.707106781186548,-0.707106781186547,1.19434011948696e-15,1,0.707106781186548,-0.707106781186547
0.92879746835443,0,0,0,0,0,1,-1.83697019872103e-16,-1,-1,3.67394039744206e-16,5.51091059616309e-16,1
0.929852320675105,0,0,0,0,0,1,0.707106781186547,-0.707106781186548,-4.28626379701574e-16,-1,-0.707106781186547,-0.707106781186548
0.930907172995781,0,0,0,0,0,0,1,0,1,0,1,0
0.931962025316456,0,0,0,0,0,0,0.707106781186548,0.707106781186547,6.12323399573677e-17,1,-0.707106781186547,0.707106781186548
0.933016877637131,0,0,0,0,0,0,6.12323399573677e-17,1,-1,1.22464679914735e-16,-1.83697019872103e-16,-1
0.934071729957806,0,0,0,0,0,0,-0.707106781186547,0.707106781186548,-1.83697019872103e-16,-1,0.707106781186548,0.707106781186547
0.935126582278481,0,0,0,0,0,0,-1,1.22464679914735e-16,1,-2.44929359829471e-16,-1,3.67394039744206e-16
0.936181434599156,0,0,0,0,0,0,-0.707106781186548,-0.707106781186547,1.19434011948696e-15,1,0.707106781186548,-0.707106781186547
0.937236286919831,0,0,0,0,0,0,-1.83697019872103e-16,-1,-1,3.67394039744206e-16,5.51091059616309e-16,1
0.938291139240506,0,0,0,0,0,0,0.707106781186547,-0.707106781186548,-4.28626379701574e-16,-1,-0.707106781186547,-0.707106781186548
0.939345991561181,1,0,0,0,0,0,1,0,1,0,1,0
0.940400843881857,1,0,0,0,0,0,0.707106781186548,0.707106781186547,6.12323399573677e-17,1,-0.707106781186547,0.707106781186548
0.941455696202532,1,0,0,0,0,0,6.12323399573677e-17,1,-1,1.22464679914735e-16,-1.83697019872103e-16,-1
0.942510548523207,1,0,0,0,0,0,-0.707106781186547,0.707106781186548,-1.83697019872103e-16,-1,0.707106781186548,0.707106781186547
0.943565400843882,1,0,0,0,0,0,-1,1.22464679914735e-16,1,-2.44929359829471e-16,-1,3.67394039744206e-16
0.944620253164557,1,0,0,0,0,0,-0.707106781186548,-0.707106781186547,1.19434011948696e-15,1,0.707106781186548,-0.707106781186547
0.945675105485232,1,0,0,0,0,0,-1.83697019872103e-16,-1,-1,3.67394039744206e-16,5.51091059616309e-16,1
0.946729957805907,1,0,0,0,0,0,0.707106781186547,-0.707106781186548,-4.28626379701574e-16,-1,-0.707106781186547,-0.707106781186548
0.947784810126582,0,1,0,0,0,0,1,0,1,0,1,0
0.948839662447257,0,1,0,0,0,0,0.707106781186548,0.707106781186547,6.12323399573677e-17,1,-0.707106781186547,0.707106781186548
0.949894514767933,0,1,0,0,0,0,6.12323399573677e-17,1,-1,1.22464679914735e-16,-1.83697019872103e-16,-1
0.950949367088608,0,1,0,0,0,0,-0.707106781186547,0.707106781186548,-1.83697019872103e-16,-1,0.707106781186548,0.707106781186547
0.952004219409283,0,1,0,0,0,0,-1,1.22464679914735e-16,1,-2.44929359829471e-16,-1,3.67394039744206e-16
0.953059071729958,0,1,0,0,0,0,-0.707106781186548,-0.707106781186547,1.19434011948696e-15,1,0.707106781186548,-0.707106781186547
0.954113924050633,0,1,0,0,0,0,-1.83697019872103e-16,-1,-1,3.67394039744206e-16,5.51091059616309e-16,1
0.955168776371308,0,1,0,0,0,0,0.707106781186547,-0.707106781186548,-4.28626379701574e-16,-1,-0.707106781186547,-0.707106781186548
0.956223628691983,0,0,1,0,0,0,1,0,1,0,1,0
0.957278481012658,0,0,1,0,0,0,0.707106781186548,0.707106781186547,6.12323399573677e-17,1,-0.707106781186547,0.707106781186548
0.958333333333333,0,0,1,0,0,0,6.12323399573677e-17,1,-1,1.22464679914735e-16,-1.83697019872103e-16,-1
0.959388185654008,0,0,1,0,0,0,-0.707106781186547,0.707106781186548,-1.83697019872103e-16,-1,0.707106781186548,0.707106781186547
0.960443037974684,0,0,1,0,0,0,-1,1.22464679914735e-16,1,-2.44929359829471e-16,-1,3.67394039744206e-16
0.961497890295359,0,0,1,0,0,0,-0.707106781186548,-0.707106781186547,1.19434011948696e-15,1,0.707106781186548,-0.707106781186547
0.962552742616034,0,0,1,0,0,0,-1.83697019872103e-16,-1,-1,3.67394039744206e-16,5.51091059616309e-16,1
0.963607594936709,0,0,1,0,0,0,0.707106781186547,-0.707106781186548,-4.28626379701574e-16,-1,-0.707106781186547,-0.707106781186548
0.964662447257384,0,0,0,1,0,0,1,0,1,0,1,0
0.965717299578059,0,0,0,1,0,0,0.707106781186548,0.707106781186547,6.12323399573677e-17,1,-0.707106781186547,0.707106781186548
0.966772151898734,0,0,0,1,0,0,6.12323399573677e-17,1,-1,1.22464679914735e-16,-1.83697019872103e-16,-1
0.967827004219409,0,0,0,1,0,0,-0.707106781186547,0.707106781186548,-1.83697019872103e-16,-1,0.707106781186548,0.707106781186547
0.968881856540084,0,0,0,1,0,0,-1,1.22464679914735e-16,1,-2.44929359829471e-16,-1,3.67394039744206e-16
0.96993670886076,0,0,0,1,0,0,-0.707106781186548,-0.707106781186547,1.19434011948696e-15,1,0.707106781186548,-0.707106781186547
0.970991561181435,0,0,0,1,0,0,-1.83697019872103e-16,-1,-1,3.67394039744206e-16,5.51091059616309e-16,1
0.97204641350211,0,0,0,1,0,0,0.707106781186547,-0.707106781186548,-4.28626379701574e-16,-1,-0.707106781186547,-0.707106781186548
0.973101265822785,0,0,0,0,1,0,1,0,1,0,1,0
0.97415611814346,0,0,0,0,1,0,0.707106781186548,0.707106781186547,6.12323399573677e-17,1,-0.707106781186547,0.707106781186548
0.975210970464135,0,0,0,0,1,0,6.12323399573677e-17,1,-1,1.22464679914735e-16,-1.83697019872103e-16,-1
0.97626582278481,0,0,0,0,1,0,-0.707106781186547,0.707106781186548,-1.83697019872103e-16,-1,0.707106781186548,0.707106781186547
0.977320675105485,0,0,0,0,1,0,-1,1.22464679914735e-16,1,-2.44929359829471e-16,-1,3.67394039744206e-16
0.97837552742616,0,0,0,0,1,0,-0.707106781186548,-0.707106781186547,1.19434011948696e-15,1,0.707106781186548,-0.707106781186547
0.979430379746835,0,0,0,0,1,0,-1.83697019872103e-16,-1,-1,3.67394039744206e-16,5.51091059616309e-16,1
0.980485232067511,0,0,0,0,1,0,0.707106781186547,-0.707106781186548,-4.28626379701574e-16,-1,-0.707106781186547,-0.707106781186548
0.981540084388186,0,0,0,0,0,1,1,0,1,0,1,0
0.982594936708861,0,0,0,0,0,1,0.707106781186548,0.707106781186547,6.12323399573677e-17,1,-0.707106781186547,0.707106781186548
0.983649789029536,0,0,0,0,0,1,6.12323399573677e-17,1,-1,1.22464679914735e-16,-1.83697019872103e-16,-1
0.984704641350211,0,0,0,0,0,1,-0.707106781186547,0.707106781186548,-1.83697019872103e-16,-1,0.707106781186548,0.707106781186547
0.985759493670886,0,0,0,0,0,1,-1,1.22464679914735e-16,1,-2.44929359829471e-16,-1,3.67394039744206e-16
0.986814345991561,0,0,0,0,0,1,-0.707106781186548,-0.707106781186547,1.19434011948696e-15,1,0.707106781186548,-0.707106781186547
0.987869198312236,0,0,0,0,0,1,-1.83697019872103e-16,-1,-1,3.67394039744206e-16,5.51091059616309e-16,1
0.988924050632911,0,0,0,0,0,1,0.707106781186547,-0.707106781186548,-4.28626379701574e-16,-1,-0.707106781186547,-0.707106781186548
0.989978902953586,0,0,0,0,0,0,1,0,1,0,1,0
0.991033755274262,0,0,0,0,0,0,0.707106781186548,0.707106781186547,6.12323399573677e-17,1,-0.707106781186547,0.707106781186548
0.992088607594937,0,0,0,0,0,0,6.12323399573677e-17,1,-1,1.22464679914735e-16,-1.83697019872103e-16,-1
0.993143459915612,0,0,0,0,0,0,-0.707106781186547,0.707106781186548,-1.83697019872103e-16,-1,0.707106781186548,0.707106781186547
0.994198312236287,0,0,0,0,0,0,-1,1.22464679914735e-16,1,-2.44929359829471e-16,-1,3.67394039744206e-16
0.995253164556962,0,0,0,0,0,0,-0.707106781186548,-0.707106781186547,1.19434011948696e-15,1,0.707106781186548,-0.707106781186547
0.996308016877637,0,0,0,0,0,0,-1.83697019872103e-16,-1,-1,3.67394039744206e-16,5.51091059616309e-16,1
0.997362869198312,0,0,0,0,0,0,0.707106781186547,-0.707106781186548,-4.28626379701574e-16,-1,-0.707106781186547,-0.707106781186548
0.998417721518987,1,0,0,0,0,0,1,0,1,0,1,0
0.999472573839662,1,0,0,0,0,0,0.707106781186548,0.707106781186547,6.12323399573677e-17,1,-0.707106781186547,0.707106781186548
1.00052742616034,1,0,0,0,0,0,6.12323399573677e-17,1,-1,1.22464679914735e-16,-1.83697019872103e-16,-1
1.00158227848101,1,0,0,0,0,0,-0.707106781186547,0.707106781186548,-1.83697019872103e-16,-1,0.707106781186548,0.707106781186547
1.00263713080169,1,0,0,0,0,0,-1,1.22464679914735e-16,1,-2.44929359829471e-16,-1,3.67394039744206e-16
1.00369198312236,1,0,0,0,0,0,-0.707106781186548,-0.707106781186547,1.19434011948696e-15,1,0.707106781186548,-0.707106781186547
1.00474683544304,1,0,0,0,0,0,-1.83697019872103e-16,-1,-1,3.67394039744206e-16,5.51091059616309e-16,1
1.00580168776371,1,0,0,0,0,0,0.707106781186547,-0.707106781186548,-4.28626379701574e-16,-1,-0.707106781186547,-0.707106781186548
1.00685654008439,0,1,0,0,0,0,1,0,1,0,1,0
1.00791139240506,0,1,0,0,0,0,0.707106781186548,0.707106781186547,6.12323399573677e-17,1,-0.707106781186547,0.707106781186548
1.00896624472574,0,1,0,0,0,0,6.12323399573677e-17,1,-1,1.22464679914735e-16,-1.83697019872103e-16,-1
1.01002109704641,0,1,0,0,0,0,-0.707106781186547,0.707106781186548,-1.83697019872103e-16,-1,0.707106781186548,0.707106781186547
1.01107594936709,0,1,0,0,0,0,-1,1.22464679914735e-16,1,-2.44929359829471e-16,-1,3.67394039744206e-16
1.01213080168776,0,1,0,0,0,0,-0.707106781186548,-0.707106781186547,1.19434011948696e-15,1,0.707106781186548,-0.707106781186547
1.01318565400844,0,1,0,0,0,0,-1.83697019872103e-16,-1,-1,3.67394039744206e-16,5.51091059616309e-16,1
1.01424050632911,0,1,0,0,0,0,0.707106781186547,-0.707106781186548,-4.28626379701574e-16,-1,-0.707106781186547,-0.707106781186548
