timestamp,e01,e02,e03,e04,e05,e06,e07,e08,e09,e10,e11,e12,e13,e14,e15,e16,e17,e18,e19,e20,e21,e22,e23,e24
2026-01-01 00:00:00,0,0,0,0,7,0,1,0,0,0,0,3,1,0,2,1,0,1,0,0,0,0,0,0
2026-01-01 03:00:00,0,0,1,0,0,0,0,0,0,0,0,0,0,0,0,0,0,1,0,0,1,0,0,0
2026-01-01 06:00:00,0,0,0,0,4,0,0,0,0,0,0,0,0,0,0,0,0,1,0,0,1,0,0,1
2026-01-01 09:00:00,1,0,0,2,3,6,1,1,1,0,0,2,0,1,4,2,0,3,0,1,0,0,0,0
2026-01-01 12:00:00,3,5,2,0,3,8,1,2,2,0,0,0,1,1,2,0,2,0,0,0,0,0,0,0
2026-01-01 15:00:00,2,3,1,0,3,5,0,1,0,1,0,0,0,0,1,2,1,1,0,0,0,0,0,0
2026-01-01 18:00:00,1,1,0,1,1,0,0,1,0,1,1,0,0,0,1,1,0,1,1,1,0,0,0,0
2026-01-01 21:00:00,1,1,0,0,2,1,0,0,0,0,0,0,0,0,1,0,0,0,0,1,0,0,0,0
2026-01-02 00:00:00,1,1,0,0,1,0,0,0,0,0,0,0,0,0,0,0,0,0,0,0,0,0,0,0
2026-01-02 03:00:00,1,1,1,1,1,1,2,1,0,0,1,0,0,0,0,1,0,0,0,0,0,0,0,0
2026-01-02 06:00:00,7,6,5,10,2,6,8,0,3,3,3,0,2,4,5,2,0,3,3,1,1,1,0,0
2026-01-02 09:00:00,1,2,4,2,5,5,3,2,2,1,0,3,1,0,5,2,1,0,0,0,1,2,0,0
2026-01-02 12:00:00,5,8,4,3,1,8,2,4,2,3,3,3,1,0,1,0,1,3,1,3,4,3,1,0
2026-01-02 15:00:00,6,9,14,4,13,3,1,3,6,1,11,8,2,0,5,9,1,2,2,4,5,1,1,1
2026-01-02 18:00:00,2,0,7,2,2,3,0,3,1,0,1,4,1,1,3,3,1,1,0,1,1,1,0,0
2026-01-02 21:00:00,2,1,3,2,3,4,1,0,4,0,0,0,3,0,0,2,0,1,0,0,1,0,0,0
2026-01-03 00:00:00,0,0,0,0,0,1,0,0,0,0,1,0,0,0,0,0,0,0,0,0,0,0,0,0
2026-01-03 03:00:00,0,0,0,0,0,4,0,0,0,0,0,0,0,0,0,0,0,0,0,0,0,0,0,0
2026-01-03 06:00:00,3,2,2,1,5,4,0,1,0,0,0,1,0,1,0,1,0,0,1,0,0,0,1,1
2026-01-03 09:00:00,1,4,0,1,5,7,0,0,3,2,2,3,0,1,6,4,2,2,1,1,2,2,2,0
2026-01-03 12:00:00,5,7,1,5,12,5,2,2,6,0,0,2,2,0,5,2,5,1,1,0,1,1,2,1
2026-01-03 15:00:00,3,4,3,2,6,4,2,2,6,0,0,9,1,0,2,1,4,4,2,1,2,2,0,3
2026-01-03 18:00:00,1,2,3,0,2,3,0,1,2,3,1,3,0,1,3,3,0,0,1,0,0,0,0,1
2026-01-03 21:00:00,1,3,4,2,0,1,0,0,1,0,1,1,1,0,2,3,0,0,1,0,0,1,0,0
2026-01-04 00:00:00,1,0,1,1,1,1,0,0,1,0,0,0,0,0,1,0,0,0,0,0,0,0,0,0
2026-01-04 03:00:00,0,0,0,0,0,1,0,0,0,0,0,0,0,0,0,1,0,1,0,0,0,0,0,0
2026-01-04 06:00:00,0,1,0,2,3,1,1,0,0,0,0,0,1,1,1,2,0,2,0,1,0,0,0,0
2026-01-04 09:00:00,8,5,3,5,7,9,1,3,3,1,0,5,0,0,4,5,1,1,0,0,4,2,0,0
2026-01-04 12:00:00,3,4,9,6,8,4,1,6,4,0,5,4,1,2,7,6,2,2,6,4,3,4,5,2
2026-01-04 15:00:00,2,3,0,2,3,4,5,2,3,1,3,2,1,0,6,5,3,6,1,0,3,3,5,7
2026-01-04 18:00:00,4,6,1,0,5,2,2,1,2,4,1,2,0,0,3,5,4,4,0,3,2,0,2,2
2026-01-04 21:00:00,1,0,0,0,0,0,1,0,0,0,0,0,0,1,1,1,0,0,1,1,2,0,0,0
2026-01-05 00:00:00,0,0,5,1,0,0,0,0,0,0,0,0,0,0,0,0,0,0,0,0,0,0,1,0
2026-01-05 03:00:00,2,2,1,3,3,8,2,1,1,1,2,1,0,0,0,1,0,2,0,0,0,0,0,0
2026-01-05 06:00:00,51,33,16,42,12,6,28,16,21,20,10,4,19,11,11,5,1,6,8,5,3,4,10,3
2026-01-05 09:00:00,5,5,4,12,3,6,6,8,8,4,2,6,1,2,3,0,4,4,2,4,4,10,10,6
2026-01-05 12:00:00,9,7,14,8,6,4,7,3,4,5,4,8,3,3,2,0,13,7,4,3,8,14,7,7
2026-01-05 15:00:00,25,46,53,15,10,11,19,24,9,9,15,21,19,20,5,12,14,6,7,13,14,6,5,11
2026-01-05 18:00:00,9,16,8,6,9,6,6,5,4,2,5,5,2,8,9,1,7,5,3,3,9,3,8,6
2026-01-05 21:00:00,1,1,1,0,2,2,2,2,0,3,0,1,1,0,1,2,1,0,0,1,3,0,2,3
2026-01-06 00:00:00,0,0,0,0,0,1,0,0,0,0,0,0,0,0,0,0,0,0,0,0,0,0,0,1
2026-01-06 03:00:00,1,2,2,3,3,5,1,1,1,3,2,1,0,0,2,0,0,0,2,1,0,2,0,0
2026-01-06 06:00:00,64,43,11,55,18,13,35,17,24,21,17,2,21,12,12,9,0,13,13,8,0,6,2,2
2026-01-06 09:00:00,14,9,14,10,5,6,5,11,11,3,6,8,5,7,3,9,4,10,4,5,1,8,10,8
2026-01-06 12:00:00,8,12,18,16,7,7,6,7,12,8,6,11,5,4,6,3,8,7,6,7,13,3,8,13
2026-01-06 15:00:00,43,47,57,14,11,13,24,28,3,16,27,15,14,22,9,9,24,7,3,19,17,8,15,5
2026-01-06 18:00:00,6,15,8,3,14,8,5,7,5,1,7,10,1,9,9,8,10,2,2,8,6,7,5,3
2026-01-06 21:00:00,2,3,2,0,6,5,0,1,1,0,0,2,0,0,1,1,6,0,1,0,4,1,1,1
2026-01-07 00:00:00,0,1,0,0,0,0,0,0,0,0,0,0,0,0,0,0,0,0,0,0,0,0,0,0
2026-01-07 03:00:00,2,3,1,4,5,7,2,1,0,1,0,0,0,0,3,0,0,0,3,0,0,1,0,0
2026-01-07 06:00:00,58,34,16,53,16,15,35,20,33,32,14,6,24,10,21,10,1,10,22,6,2,14,4,2
2026-01-07 09:00:00,14,12,10,13,4,9,8,6,6,2,2,7,2,5,4,10,5,7,3,3,4,14,11,10
2026-01-07 12:00:00,13,7,17,14,8,5,8,1,3,9,6,5,3,6,3,5,10,6,4,4,8,5,8,15
2026-01-07 15:00:00,30,48,68,17,10,13,27,24,11,19,30,26,19,28,17,12,10,7,9,34,20,6,10,6
2026-01-07 18:00:00,4,22,9,8,12,4,3,10,5,3,1,5,3,14,12,3,8,1,1,5,8,3,7,3
2026-01-07 21:00:00,0,1,2,1,5,3,2,0,1,1,1,1,1,1,1,2,1,1,1,1,4,0,0,3
2026-01-08 00:00:00,0,0,0,0,0,1,0,0,0,0,0,0,0,0,0,0,1,0,1,0,2,0,0,0
2026-01-08 03:00:00,3,2,1,2,4,4,2,0,0,0,2,1,2,1,1,0,0,0,0,0,1,1,0,0
2026-01-08 06:00:00,61,38,16,57,7,19,44,18,27,26,17,4,29,13,6,14,0,18,22,5,4,4,4,2
2026-01-08 09:00:00,13,15,9,15,2,8,4,4,10,3,5,10,5,6,5,4,2,8,3,3,3,12,8,2
2026-01-08 12:00:00,14,10,22,8,8,7,3,6,7,7,3,4,8,5,4,4,8,8,1,3,6,7,7,8
2026-01-08 15:00:00,18,21,38,11,7,6,16,20,6,14,13,10,7,12,2,3,12,7,6,9,16,5,5,4
2026-01-08 18:00:00,3,1,5,0,2,0,1,0,0,0,2,0,0,1,0,1,2,0,0,1,3,0,1,2
2026-01-08 21:00:00,0,0,1,0,1,1,0,0,0,1,1,0,2,1,0,1,3,0,1,0,2,0,2,0
2026-01-09 00:00:00,0,0,2,2,0,1,0,0,0,0,0,0,0,0,0,1,0,0,0,0,0,0,0,0
2026-01-09 03:00:00,1,2,1,3,5,3,2,0,0,2,0,1,0,1,0,0,0,0,0,2,0,1,0,0
2026-01-09 06:00:00,19,18,14,27,9,10,23,7,11,14,7,3,8,3,3,8,0,6,8,0,1,8,6,6
2026-01-09 09:00:00,9,5,10,7,8,5,5,5,12,5,3,12,2,5,11,6,6,9,3,3,5,13,10,6
2026-01-09 12:00:00,15,9,16,16,4,6,10,10,7,3,8,7,6,3,6,6,22,8,7,6,7,9,11,9
2026-01-09 15:00:00,16,31,34,7,19,14,12,19,8,12,15,21,7,9,11,10,26,7,5,12,17,8,8,13
2026-01-09 18:00:00,6,9,9,3,10,12,3,7,9,6,2,3,1,1,7,5,7,3,6,4,7,1,4,5
2026-01-09 21:00:00,4,2,3,3,6,4,0,1,1,1,2,3,2,1,2,2,1,2,1,1,1,0,4,2
2026-01-10 00:00:00,2,0,0,0,1,4,1,1,2,0,0,0,0,0,1,0,1,1,3,0,2,0,4,3
2026-01-10 03:00:00,1,0,0,0,1,0,1,0,0,0,0,0,0,0,0,0,0,1,0,0,0,1,0,0
2026-01-10 06:00:00,2,1,0,1,2,2,3,3,1,1,0,1,0,1,0,1,0,1,0,1,0,0,1,0
2026-01-10 09:00:00,1,6,3,2,2,4,0,4,0,1,0,7,2,0,2,1,4,4,0,0,2,2,3,1
2026-01-10 12:00:00,7,7,2,5,9,8,3,1,6,1,6,5,1,4,5,8,6,2,1,0,5,5,6,4
2026-01-10 15:00:00,8,10,3,3,4,8,4,4,6,2,7,9,2,1,6,4,5,4,1,5,8,6,1,11
2026-01-10 18:00:00,1,2,3,5,4,5,3,4,2,0,2,0,0,1,1,3,3,2,0,0,5,0,2,2
2026-01-10 21:00:00,0,0,4,1,4,4,2,0,3,4,2,2,3,4,9,1,0,5,0,1,4,0,3,3
2026-01-11 00:00:00,1,0,0,0,0,2,0,1,0,1,1,0,0,0,0,1,1,0,1,0,0,0,0,0
2026-01-11 03:00:00,0,0,0,0,0,1,0,0,0,0,0,0,0,0,0,0,0,0,0,0,0,0,1,0
2026-01-11 06:00:00,1,0,2,0,4,3,3,3,0,0,0,0,0,0,2,0,1,0,0,0,0,2,3,0
2026-01-11 09:00:00,5,8,2,3,8,9,3,3,11,2,2,3,3,3,7,4,6,4,1,0,1,5,9,3
2026-01-11 12:00:00,4,8,8,1,10,12,4,4,6,0,1,2,0,3,7,6,10,7,1,5,6,9,12,8
2026-01-11 15:00:00,6,1,1,3,8,6,5,4,1,3,2,5,0,0,5,4,14,5,3,5,5,7,9,10
2026-01-11 18:00:00,2,1,1,1,8,5,2,4,1,0,0,2,1,0,3,1,5,5,1,0,2,2,6,5
2026-01-11 21:00:00,2,3,0,1,0,1,1,0,4,0,1,1,0,0,0,2,2,0,1,2,0,1,0,1
2026-01-12 00:00:00,0,0,0,0,1,0,0,0,0,0,0,0,0,0,0,0,0,1,0,0,1,0,0,0
2026-01-12 03:00:00,4,2,1,1,3,3,1,0,0,1,1,1,1,0,0,0,0,0,1,0,0,0,1,0
2026-01-12 06:00:00,36,30,18,51,6,13,35,20,20,20,12,2,10,10,9,7,2,8,10,5,1,9,9,2
2026-01-12 09:00:00,14,8,11,12,5,6,5,3,12,9,3,8,1,3,3,4,2,9,2,2,3,13,8,10
2026-01-12 12:00:00,5,10,15,9,11,10,5,6,5,1,5,5,4,7,2,3,9,6,2,3,6,5,9,11
2026-01-12 15:00:00,38,46,60,16,22,16,18,24,3,15,13,24,14,14,9,7,17,4,7,20,13,6,13,13
2026-01-12 18:00:00,8,12,13,5,7,9,3,11,5,2,2,4,1,6,2,3,9,3,4,5,7,5,4,9
2026-01-12 21:00:00,0,1,2,0,7,0,2,0,2,1,0,2,2,0,1,0,3,1,1,1,1,0,2,4
2026-01-13 00:00:00,0,0,1,0,0,0,0,0,0,0,0,0,0,0,0,0,1,0,0,0,0,0,0,0
2026-01-13 03:00:00,3,3,3,2,4,4,0,1,1,0,1,1,1,1,1,1,0,2,1,0,0,1,0,0
2026-01-13 06:00:00,53,39,15,64,7,10,40,18,36,29,21,8,25,7,8,12,0,10,24,9,8,8,9,2
2026-01-13 09:00:00,17,9,15,13,10,5,5,6,6,6,6,8,3,3,3,6,3,8,3,4,4,14,7,2
2026-01-13 12:00:00,9,11,15,14,5,6,7,7,7,9,7,10,4,4,3,3,15,5,6,8,10,6,8,10
2026-01-13 15:00:00,38,51,67,24,13,12,18,29,10,21,28,18,19,27,6,9,19,8,5,29,25,4,12,16
2026-01-13 18:00:00,13,13,14,8,7,7,7,7,2,1,7,7,1,11,11,11,5,3,0,6,3,3,6,12
2026-01-13 21:00:00,0,1,1,0,4,4,2,1,2,2,4,1,0,0,0,0,1,0,1,0,3,1,1,1
2026-01-14 00:00:00,0,0,0,0,1,0,0,0,0,0,0,0,0,0,0,0,0,0,0,0,0,0,0,0
2026-01-14 03:00:00,2,1,1,3,2,4,1,0,0,1,2,0,0,0,0,0,1,1,2,0,0,0,0,0
2026-01-14 06:00:00,20,16,6,28,11,4,14,13,7,13,8,2,10,10,7,5,0,8,10,6,5,2,0,0
2026-01-14 09:00:00,3,6,6,5,3,2,1,2,3,3,3,5,0,0,0,3,0,5,2,0,0,9,2,3
2026-01-14 12:00:00,6,4,6,7,4,6,3,8,5,1,2,7,1,2,5,4,1,3,4,3,4,3,4,6
2026-01-14 15:00:00,22,43,41,7,5,5,14,19,2,14,8,12,16,14,3,4,2,2,3,13,9,3,4,3
2026-01-14 18:00:00,7,6,4,6,7,4,0,2,6,3,5,1,0,4,0,4,2,1,2,3,2,1,4,5
2026-01-14 21:00:00,2,1,1,0,3,0,1,1,0,0,0,1,1,0,2,1,2,0,1,0,2,0,1,1
2026-01-15 00:00:00,0,0,0,0,0,1,0,0,0,0,0,0,0,0,0,0,0,0,0,0,0,0,0,0
2026-01-15 03:00:00,3,3,1,5,3,3,2,1,0,2,1,1,2,0,1,0,0,0,0,0,0,1,0,0
2026-01-15 06:00:00,29,23,8,37,4,8,19,14,19,12,11,3,13,8,13,8,0,8,8,6,1,2,4,1
2026-01-15 09:00:00,9,7,7,8,3,4,7,5,4,1,1,4,2,3,5,5,1,4,7,0,3,6,6,2
2026-01-15 12:00:00,6,6,10,7,3,3,3,3,2,2,1,5,4,0,2,4,5,6,2,4,6,3,5,7
2026-01-15 15:00:00,23,33,58,15,11,8,16,20,5,15,12,11,11,13,5,8,8,5,9,14,7,3,7,6
2026-01-15 18:00:00,7,16,7,2,11,6,6,6,8,0,1,4,4,4,7,3,9,3,2,3,3,3,7,7
2026-01-15 21:00:00,0,2,4,2,3,0,0,1,2,0,0,4,1,0,0,0,3,1,1,0,1,1,1,1
2026-01-16 00:00:00,0,0,0,0,1,0,0,0,0,0,0,0,0,0,0,0,0,0,0,0,0,0,0,0
2026-01-16 03:00:00,1,5,1,2,2,3,1,0,0,0,0,2,0,0,1,0,0,0,1,0,0,0,0,0
2026-01-16 06:00:00,14,9,2,18,7,11,8,2,7,9,5,2,5,4,5,4,0,2,3,1,0,3,4,1
2026-01-16 09:00:00,5,4,7,9,4,6,4,3,6,1,1,3,1,1,0,0,1,0,3,2,0,4,5,3
2026-01-16 12:00:00,7,7,7,4,5,6,3,1,7,1,5,5,0,4,0,1,5,2,2,2,4,6,4,9
2026-01-16 15:00:00,13,24,32,11,8,10,8,15,7,16,13,7,7,5,3,6,14,3,0,15,11,6,9,4
2026-01-16 18:00:00,9,2,7,2,7,3,4,5,3,1,3,2,4,2,4,6,6,1,1,5,3,1,4,4
2026-01-16 21:00:00,2,3,2,2,3,1,1,2,0,2,0,0,3,0,0,2,0,0,0,0,1,0,2,3
2026-01-17 00:00:00,1,0,0,0,1,2,1,0,0,0,1,0,0,0,0,0,0,0,1,0,2,0,0,1
2026-01-17 03:00:00,0,0,0,0,0,0,0,0,0,0,0,0,0,0,0,0,0,0,0,0,0,0,0,0
2026-01-17 06:00:00,2,1,0,2,2,5,1,1,1,0,0,0,0,1,5,2,0,2,2,0,0,0,3,0
2026-01-17 09:00:00,1,3,0,2,4,9,4,1,3,1,0,7,0,0,7,1,4,3,1,0,1,5,2,3
2026-01-17 12:00:00,7,4,5,5,8,8,5,4,2,5,1,0,1,1,2,6,4,1,1,2,1,9,3,3
2026-01-17 15:00:00,3,2,1,2,4,5,3,0,2,0,1,3,3,0,2,4,3,0,0,4,3,1,4,5
2026-01-17 18:00:00,1,0,1,3,5,3,1,2,1,4,0,1,1,1,1,1,1,0,0,0,0,1,1,1
2026-01-17 21:00:00,1,0,1,0,4,3,0,0,1,1,0,0,2,1,0,0,0,0,0,0,1,0,1,1
2026-01-18 00:00:00,0,0,1,0,0,1,0,1,0,0,0,0,0,0,0,0,0,0,0,0,0,0,0,0
2026-01-18 03:00:00,0,0,0,0,1,0,0,0,0,0,0,0,0,0,0,0,0,0,0,0,0,0,0,0
2026-01-18 06:00:00,0,0,1,0,2,5,0,0,0,1,0,1,0,0,1,1,0,0,0,1,0,0,1,0
2026-01-18 09:00:00,1,1,2,1,5,9,0,3,1,1,0,4,0,1,0,2,3,1,1,1,1,0,2,2
2026-01-18 12:00:00,1,5,1,4,4,2,1,1,8,1,1,3,1,1,0,1,9,1,0,2,2,3,1,2
2026-01-18 15:00:00,3,3,1,3,6,5,0,2,5,1,2,2,1,1,4,6,2,5,2,2,3,2,4,1
2026-01-18 18:00:00,1,1,5,0,1,0,2,0,0,0,0,0,0,0,0,2,0,0,1,1,2,3,1,1
2026-01-18 21:00:00,4,1,0,0,3,3,0,1,0,2,1,0,0,0,0,3,0,2,0,0,0,2,0,1
2026-01-19 00:00:00,0,1,1,0,0,0,2,0,0,0,0,0,0,0,0,0,2,1,0,0,1,0,0,0
2026-01-19 03:00:00,2,0,0,0,1,4,1,0,0,0,1,0,0,0,0,0,0,0,0,0,0,0,0,0
2026-01-19 06:00:00,4,0,0,4,6,3,1,5,0,1,1,2,3,1,2,2,0,0,0,0,0,0,2,0
2026-01-19 09:00:00,2,0,1,3,2,4,2,1,2,1,1,2,0,0,2,1,0,1,0,1,0,0,1,3
2026-01-19 12:00:00,2,5,3,1,2,2,4,3,0,0,1,2,0,2,4,2,0,1,1,1,0,2,1,1
2026-01-19 15:00:00,3,2,7,1,7,4,3,2,5,3,4,0,5,1,1,2,0,0,2,1,1,3,0,1
2026-01-19 18:00:00,2,3,2,0,3,3,4,4,1,1,2,1,0,1,2,2,2,0,0,0,2,0,0,2
2026-01-19 21:00:00,1,2,2,1,0,0,0,0,0,1,1,0,0,0,0,0,0,0,1,1,0,0,1,0
2026-01-20 00:00:00,0,0,0,0,0,0,0,0,0,0,0,0,0,0,0,0,0,0,0,0,0,0,0,0
2026-01-20 03:00:00,1,1,1,1,1,3,0,0,0,0,2,1,1,0,1,0,0,0,0,0,0,0,0,0
2026-01-20 06:00:00,27,20,12,27,6,7,22,4,15,12,11,3,7,2,10,9,0,7,9,4,0,2,5,3
2026-01-20 09:00:00,6,5,6,11,1,4,5,5,1,1,0,4,2,2,6,4,2,4,4,3,1,7,5,2
2026-01-20 12:00:00,3,5,10,4,2,4,8,2,1,0,0,3,2,3,1,2,2,2,3,0,2,5,3,5
2026-01-20 15:00:00,15,30,45,12,7,10,15,22,5,6,18,10,12,10,5,10,7,5,6,11,9,3,7,8
2026-01-20 18:00:00,4,10,6,4,6,2,3,6,2,1,4,1,0,5,6,3,4,1,0,3,3,2,2,5
2026-01-20 21:00:00,0,1,1,0,1,1,1,0,0,0,0,1,0,0,0,1,1,0,0,1,2,2,1,0
2026-01-21 00:00:00,0,0,0,0,0,0,0,0,0,0,1,0,0,0,0,0,0,0,0,0,0,0,0,0
2026-01-21 03:00:00,2,1,1,1,1,2,1,1,1,1,2,0,0,1,0,0,0,0,2,0,0,0,1,0
2026-01-21 06:00:00,47,32,13,54,5,12,23,9,19,17,15,1,15,8,9,9,0,9,12,3,1,4,6,3
2026-01-21 09:00:00,13,11,8,10,5,4,5,7,10,6,3,7,1,3,4,2,1,4,4,3,3,7,9,5
2026-01-21 12:00:00,6,7,14,9,9,2,5,4,5,3,2,8,2,1,0,2,5,1,4,6,5,3,4,5
2026-01-21 15:00:00,31,42,43,18,10,6,14,24,4,8,17,14,15,19,4,6,10,7,5,18,12,3,10,8
2026-01-21 18:00:00,5,14,10,5,10,7,4,8,6,2,4,8,3,9,7,6,9,2,2,3,5,2,4,4
2026-01-21 21:00:00,5,1,1,1,1,1,0,1,1,0,0,2,1,0,0,0,2,0,0,1,1,0,2,4
2026-01-22 00:00:00,0,0,0,0,0,1,0,0,0,0,0,0,0,0,0,0,0,0,0,0,0,0,0,1
2026-01-22 03:00:00,1,2,2,0,3,1,1,1,1,3,1,0,0,0,3,0,0,1,0,0,0,0,0,0
2026-01-22 06:00:00,38,21,11,35,11,8,32,15,15,10,8,4,13,4,11,4,0,7,11,5,0,3,7,1
2026-01-22 09:00:00,11,4,7,9,3,3,5,3,3,5,1,6,5,5,3,6,2,3,7,2,2,13,3,7
2026-01-22 12:00:00,12,5,8,7,6,4,2,4,5,6,6,5,2,1,4,2,10,3,4,5,5,7,8,9
2026-01-22 15:00:00,21,29,31,10,3,3,17,22,5,13,13,10,8,11,5,13,9,6,6,9,12,4,4,9
2026-01-22 18:00:00,8,7,7,2,5,6,2,6,1,0,6,5,2,2,3,6,2,1,1,5,4,2,2,0
2026-01-22 21:00:00,2,1,2,0,3,4,3,1,2,0,0,3,0,0,1,0,0,0,0,0,1,0,1,3
2026-01-23 00:00:00,0,0,1,0,0,0,0,0,0,0,0,0,0,0,0,0,0,0,0,1,0,0,0,0
2026-01-23 03:00:00,0,0,1,0,1,1,0,0,0,0,0,0,0,0,0,0,0,0,0,0,0,0,0,0
2026-01-23 06:00:00,3,2,0,3,5,2,1,1,2,4,0,0,1,0,0,1,0,1,1,0,0,0,2,0
2026-01-23 09:00:00,1,1,0,0,0,0,4,2,0,0,0,1,0,0,1,0,0,0,1,0,0,3,3,2
2026-01-23 12:00:00,1,1,0,1,0,2,2,2,0,1,1,1,0,0,0,0,0,1,0,0,1,2,4,3
2026-01-23 15:00:00,1,7,2,2,3,4,3,2,0,0,2,0,0,0,3,0,2,1,2,0,0,0,3,2
2026-01-23 18:00:00,2,0,1,0,0,1,0,0,0,0,0,0,0,0,0,1,0,1,0,0,1,1,0,0
2026-01-23 21:00:00,1,0,0,0,0,0,0,0,0,0,0,1,0,0,1,0,1,0,0,0,0,0,0,3
2026-01-24 00:00:00,0,0,0,0,0,0,0,0,0,0,0,0,0,0,0,0,0,0,0,1,0,0,0,0
2026-01-24 03:00:00,0,0,0,0,1,0,0,0,0,0,0,0,0,0,0,0,0,0,0,0,0,0,0,0
2026-01-24 06:00:00,0,0,1,1,0,0,0,0,0,0,0,0,0,0,2,0,0,2,0,0,0,0,3,0
2026-01-24 09:00:00,2,0,0,0,0,0,0,0,1,1,0,2,0,0,1,2,1,0,0,1,0,0,5,3
2026-01-24 12:00:00,1,4,1,1,0,0,0,0,2,0,0,3,0,1,1,0,2,2,0,0,1,1,3,3
2026-01-24 15:00:00,2,1,4,3,3,3,1,0,0,1,0,0,0,0,1,1,1,1,0,0,4,1,1,1
2026-01-24 18:00:00,0,0,0,0,0,0,0,0,0,1,0,0,0,0,1,1,1,0,0,1,0,1,0,0
2026-01-24 21:00:00,0,0,0,0,2,0,1,0,0,0,0,0,0,0,1,0,0,1,0,0,0,0,0,0
2026-01-25 00:00:00,0,1,2,0,0,0,0,0,0,0,0,0,0,0,0,0,0,0,0,0,0,0,0,0
2026-01-25 03:00:00,0,0,0,0,0,0,0,0,0,0,0,0,0,0,0,0,0,0,0,0,0,0,0,0
2026-01-25 06:00:00,0,0,0,0,0,1,0,0,0,0,0,0,0,0,0,0,0,0,0,0,0,0,0,0
2026-01-25 09:00:00,0,0,2,0,1,0,0,0,0,0,0,0,0,0,1,0,0,0,0,0,1,1,0,0
2026-01-25 12:00:00,0,2,0,1,0,2,0,0,0,2,2,0,1,0,0,0,1,0,0,0,0,1,1,0
2026-01-25 15:00:00,0,0,1,4,2,0,0,2,0,2,1,0,0,0,0,1,0,6,0,0,0,0,0,0
2026-01-25 18:00:00,0,0,0,3,0,0,0,0,0,0,0,0,0,1,0,0,1,0,0,0,0,0,0,1
2026-01-25 21:00:00,2,1,1,0,0,0,0,0,0,0,0,0,0,0,1,0,0,0,0,0,0,0,0,0
2026-01-26 00:00:00,0,0,0,0,1,0,0,0,0,0,0,0,0,0,0,0,0,0,0,0,0,0,0,0
2026-01-26 03:00:00,0,1,1,1,0,2,0,0,0,0,0,0,1,0,0,0,0,0,0,0,0,0,1,0
2026-01-26 06:00:00,4,4,1,10,5,4,4,4,5,7,6,1,2,2,3,1,0,5,2,1,3,0,0,2
2026-01-26 09:00:00,2,3,2,3,2,3,2,2,3,1,1,1,0,1,1,2,0,1,0,0,1,2,7,2
2026-01-26 12:00:00,4,3,2,1,1,2,1,0,0,0,1,2,1,1,0,0,1,1,1,1,1,4,4,4
2026-01-26 15:00:00,10,10,15,2,5,7,7,9,2,7,2,7,4,2,3,2,4,4,1,1,4,3,3,4
2026-01-26 18:00:00,1,7,2,1,4,0,0,2,4,1,0,0,0,0,0,0,3,2,0,1,2,0,1,2
2026-01-26 21:00:00,1,1,1,0,1,1,0,0,0,0,0,0,1,0,0,0,0,0,0,0,0,0,0,1
2026-01-27 00:00:00,0,0,0,0,1,0,0,0,0,0,0,0,0,0,0,0,0,0,0,0,0,0,0,0
2026-01-27 03:00:00,1,1,0,2,1,2,0,0,1,0,2,0,1,0,1,0,0,0,1,0,0,0,0,0
2026-01-27 06:00:00,25,15,8,23,7,7,22,10,11,8,4,5,6,4,4,4,0,7,8,1,2,0,3,1
2026-01-27 09:00:00,6,4,7,8,2,1,5,1,8,2,1,4,1,1,2,1,0,2,1,2,1,4,3,3
2026-01-27 12:00:00,2,4,6,3,3,1,1,2,1,4,1,1,0,0,0,0,0,5,3,1,3,2,2,5
2026-01-27 15:00:00,20,20,29,9,4,4,10,13,3,9,8,9,7,8,7,6,2,1,5,14,8,0,2,0
2026-01-27 18:00:00,6,7,5,3,3,5,4,5,1,0,1,0,1,3,1,4,0,1,2,5,2,0,1,4
2026-01-27 21:00:00,0,0,2,2,0,1,0,0,1,0,0,2,0,0,0,0,0,1,1,1,2,0,1,0
2026-01-28 00:00:00,0,1,0,0,1,0,0,0,0,0,1,0,0,0,0,0,0,0,0,0,0,0,0,0
2026-01-28 03:00:00,2,1,0,2,0,3,1,0,2,0,1,0,1,0,0,0,0,0,1,0,0,0,0,0
2026-01-28 06:00:00,27,15,8,37,11,10,14,12,13,11,7,2,11,6,8,5,1,7,10,0,1,1,1,1
2026-01-28 09:00:00,5,9,5,8,3,8,6,4,7,2,2,5,4,2,1,2,1,4,3,2,3,1,2,5
2026-01-28 12:00:00,7,9,5,3,1,3,3,3,1,3,4,8,1,0,1,1,3,1,3,2,3,1,1,2
2026-01-28 15:00:00,16,21,32,8,7,3,9,15,6,7,6,4,11,6,0,6,0,5,4,10,6,3,1,1
2026-01-28 18:00:00,5,7,5,3,4,1,2,3,1,4,1,5,0,2,2,2,3,4,2,6,2,1,1,1
2026-01-28 21:00:00,3,1,2,1,0,0,2,1,0,0,0,3,0,1,0,0,0,0,1,0,2,0,0,0
2026-01-29 00:00:00,0,0,0,0,0,1,0,0,0,0,0,0,0,0,0,0,0,0,0,0,0,0,0,0
2026-01-29 03:00:00,2,2,1,1,2,2,1,0,0,0,1,0,1,0,0,0,0,0,0,0,0,0,0,0
2026-01-29 06:00:00,20,14,3,31,4,12,12,15,12,11,11,2,8,2,3,2,0,10,7,3,1,2,2,2
2026-01-29 09:00:00,5,5,8,13,7,3,9,2,5,1,3,6,1,2,1,0,1,6,3,0,2,3,6,4
2026-01-29 12:00:00,3,3,9,2,4,5,2,6,5,3,3,3,1,0,2,0,3,3,3,5,4,3,3,6
2026-01-29 15:00:00,19,24,40,11,6,9,18,18,2,12,7,11,5,10,3,6,7,1,4,10,8,3,3,4
2026-01-29 18:00:00,2,9,6,3,6,5,2,5,2,0,5,2,1,5,6,3,3,2,2,9,0,2,3,2
2026-01-29 21:00:00,4,0,1,2,1,0,0,0,1,0,2,1,1,0,2,0,2,0,1,1,2,0,0,5
2026-01-30 00:00:00,0,0,0,0,1,0,0,0,0,0,0,0,0,0,1,0,0,0,0,0,0,0,0,1
2026-01-30 03:00:00,0,1,1,0,1,2,1,0,0,1,1,1,0,0,0,0,0,1,0,0,0,0,0,0
2026-01-30 06:00:00,14,10,2,17,7,6,10,1,9,9,9,5,2,4,4,5,0,6,6,2,1,2,6,1
2026-01-30 09:00:00,3,6,5,3,2,5,1,2,0,0,3,0,0,2,1,2,2,1,4,0,0,2,2,1
2026-01-30 12:00:00,3,6,6,4,3,2,3,0,2,1,3,2,0,0,1,0,4,1,2,1,1,3,3,2
2026-01-30 15:00:00,7,10,17,3,8,5,3,12,3,11,3,4,7,3,3,3,5,1,4,5,4,1,4,3
2026-01-30 18:00:00,1,3,1,2,3,3,1,4,1,0,3,4,2,2,0,1,1,0,2,1,1,0,1,0
2026-01-30 21:00:00,1,1,1,0,0,1,0,1,0,0,0,0,1,0,0,0,0,0,0,0,1,0,0,2
2026-01-31 00:00:00,0,0,0,0,0,1,0,0,0,0,0,0,0,0,0,0,0,0,0,1,0,0,0,0
2026-01-31 03:00:00,0,0,0,0,0,0,0,0,0,0,0,0,0,0,0,0,0,0,0,0,0,0,0,0
2026-01-31 06:00:00,0,0,0,1,1,2,1,1,0,0,0,0,0,0,1,0,0,0,0,0,2,0,2,0
2026-01-31 09:00:00,2,3,0,0,1,2,2,0,0,1,0,2,2,0,2,1,2,1,1,1,0,1,7,0
2026-01-31 12:00:00,2,2,1,2,5,3,4,3,2,1,0,1,0,1,6,1,3,4,2,2,1,3,0,3
2026-01-31 15:00:00,3,3,3,2,4,6,3,0,1,0,1,2,1,1,1,1,2,0,0,3,2,0,1,2
2026-01-31 18:00:00,2,0,0,0,4,1,1,1,1,0,0,2,1,0,0,0,5,0,2,0,0,2,5,2
2026-01-31 21:00:00,0,0,0,1,2,0,0,1,0,0,1,0,2,0,0,2,0,0,0,0,1,0,1,1
2026-02-01 00:00:00,0,0,1,0,0,0,1,0,0,0,0,0,0,2,0,2,0,0,0,0,0,0,0,1
2026-02-01 03:00:00,0,0,0,0,0,0,0,0,0,0,0,0,0,0,0,0,0,0,0,0,0,0,0,0
2026-02-01 06:00:00,1,2,0,0,5,2,0,0,0,0,0,0,0,0,0,0,1,1,2,1,0,0,3,0
2026-02-01 09:00:00,8,6,3,2,5,2,2,1,3,2,0,2,0,0,1,3,3,1,1,0,1,1,2,4
2026-02-01 12:00:00,2,1,0,0,2,5,3,2,5,2,0,3,0,1,2,8,4,2,0,1,2,4,3,1
2026-02-01 15:00:00,0,4,4,3,3,9,1,3,2,1,0,4,1,0,2,3,3,1,2,0,2,2,2,6
2026-02-01 18:00:00,2,2,3,2,0,2,1,2,3,2,1,5,0,0,3,2,3,0,0,0,0,2,0,3
2026-02-01 21:00:00,1,1,0,0,1,3,0,1,1,0,0,2,1,0,1,0,0,0,0,0,0,2,1,0
2026-02-02 00:00:00,0,0,0,0,0,0,0,0,0,0,0,0,0,0,0,0,0,0,0,0,0,0,0,0
2026-02-02 03:00:00,3,2,1,2,1,2,1,1,0,1,2,1,1,1,1,0,0,0,1,0,0,0,1,0
2026-02-02 06:00:00,32,17,4,40,5,5,17,16,13,21,10,0,4,10,8,7,0,10,10,5,2,3,3,3
2026-02-02 09:00:00,7,0,7,13,4,7,5,8,4,4,1,5,3,0,3,3,1,4,0,1,2,11,5,5
2026-02-02 12:00:00,4,4,13,3,0,2,6,2,2,3,3,4,2,2,1,2,3,5,4,4,5,2,1,5
2026-02-02 15:00:00,19,27,39,7,11,10,18,18,12,13,11,12,9,14,8,6,4,9,5,11,6,5,2,0
2026-02-02 18:00:00,8,13,6,5,11,3,1,4,3,1,4,4,1,2,6,4,7,1,2,7,4,1,2,3
2026-02-02 21:00:00,1,4,1,2,2,2,1,0,0,1,0,1,0,1,2,0,1,0,0,0,3,1,2,5
2026-02-03 00:00:00,0,0,0,0,1,0,0,0,0,0,0,0,0,0,0,0,0,1,0,0,0,0,0,0
2026-02-03 03:00:00,3,1,1,1,1,2,0,0,1,1,2,0,1,1,1,0,0,0,3,1,0,0,0,0
2026-02-03 06:00:00,43,29,16,50,4,11,29,14,14,31,18,1,15,14,14,11,0,13,15,2,3,5,6,4
2026-02-03 09:00:00,15,5,11,11,5,8,1,6,3,5,2,6,0,7,9,3,0,7,2,2,2,6,9,7
2026-02-03 12:00:00,3,6,10,4,5,7,3,5,3,4,3,3,1,2,2,1,4,5,4,4,5,3,9,7
2026-02-03 15:00:00,33,36,56,18,11,6,17,25,7,15,21,9,13,14,9,7,7,2,8,20,10,2,4,8
2026-02-03 18:00:00,6,17,8,5,7,5,8,10,9,4,2,7,1,3,8,5,7,5,0,10,6,2,5,5
2026-02-03 21:00:00,1,2,6,1,0,0,1,3,1,0,1,3,0,2,0,0,1,2,1,0,4,1,2,1
2026-02-04 00:00:00,0,1,0,0,2,0,0,0,0,0,0,0,0,0,0,0,0,1,0,0,0,0,0,0
2026-02-04 03:00:00,2,1,0,4,2,2,0,1,1,1,2,0,1,1,1,1,0,0,3,0,0,0,0,0
2026-02-04 06:00:00,31,30,12,48,7,15,27,15,15,14,15,2,13,16,9,7,0,12,15,7,3,1,6,4
2026-02-04 09:00:00,16,8,6,13,8,3,4,4,4,7,5,6,1,5,4,6,1,4,2,1,3,5,6,9
2026-02-04 12:00:00,9,10,15,7,5,3,8,5,5,8,8,4,2,2,2,4,4,5,3,4,2,2,6,6
2026-02-04 15:00:00,27,44,63,16,10,3,24,26,12,10,17,14,18,16,9,11,6,8,7,24,11,4,6,5
2026-02-04 18:00:00,4,13,9,11,7,6,8,8,5,2,4,5,2,2,5,4,3,1,3,8,1,1,3,3
2026-02-04 21:00:00,1,1,1,0,0,3,1,1,1,0,2,1,2,0,2,0,2,0,0,1,2,1,0,0
2026-02-05 00:00:00,0,0,0,0,3,0,0,1,0,0,1,0,0,0,0,0,0,0,0,0,0,0,0,0
2026-02-05 03:00:00,1,1,2,4,1,3,2,1,1,0,2,0,1,1,0,0,0,0,0,0,0,0,0,0
2026-02-05 06:00:00,34,24,14,44,9,13,25,15,17,21,17,3,12,10,8,12,0,12,14,6,1,5,4,2
2026-02-05 09:00:00,11,9,9,8,5,4,1,4,6,3,1,8,3,5,3,4,4,6,4,3,6,5,4,5
2026-02-05 12:00:00,11,5,11,9,5,3,1,3,5,2,4,8,5,1,2,2,6,3,2,6,1,5,3,7
2026-02-05 15:00:00,30,39,45,19,10,10,14,19,10,10,11,15,12,17,7,6,6,6,7,22,17,2,7,8
2026-02-05 18:00:00,4,9,7,4,6,8,11,6,5,0,5,8,1,6,9,4,9,3,5,7,7,5,3,8
2026-02-05 21:00:00,3,0,2,2,3,3,1,1,0,0,1,4,2,2,1,1,0,0,0,1,2,0,1,2
2026-02-06 00:00:00,0,0,1,0,0,1,1,0,0,0,0,0,0,0,2,0,0,0,0,0,0,0,0,0
2026-02-06 03:00:00,1,1,1,4,3,1,0,1,1,1,0,0,0,1,1,0,0,0,0,0,0,0,0,0
2026-02-06 06:00:00,9,14,8,16,8,10,11,8,10,12,5,3,5,4,4,8,2,5,6,1,0,1,4,0
2026-02-06 09:00:00,6,6,9,9,6,7,3,3,6,2,1,10,1,2,4,5,6,7,3,2,3,8,8,1
2026-02-06 12:00:00,10,11,13,9,8,7,4,5,5,2,6,8,3,2,2,2,5,4,4,6,5,6,4,7
2026-02-06 15:00:00,17,23,25,8,8,12,9,13,4,10,8,7,5,7,5,3,9,1,8,12,6,3,4,7
2026-02-06 18:00:00,3,4,2,1,4,4,2,0,1,4,6,4,0,1,4,6,5,1,0,4,3,0,0,3
2026-02-06 21:00:00,3,3,3,2,3,0,1,2,0,2,1,1,1,0,0,3,0,0,1,2,2,1,2,5
2026-02-07 00:00:00,0,0,0,1,1,4,0,0,0,0,1,0,0,1,0,0,0,0,0,0,0,0,1,1
2026-02-07 03:00:00,0,0,0,0,0,1,0,0,0,0,0,0,1,0,0,0,0,0,0,0,0,0,0,0
2026-02-07 06:00:00,3,0,0,1,1,1,3,0,0,0,1,1,0,1,1,2,0,0,0,0,0,3,1,0
2026-02-07 09:00:00,5,4,2,1,4,3,5,3,6,5,0,4,2,1,6,6,3,7,0,1,0,3,5,3
2026-02-07 12:00:00,2,4,1,2,11,6,2,3,8,2,1,5,0,2,6,7,2,4,3,2,3,6,8,4
2026-02-07 15:00:00,0,1,3,2,6,4,2,1,1,1,1,4,2,2,3,0,5,5,1,2,4,3,8,6
2026-02-07 18:00:00,2,3,2,2,3,5,1,3,1,1,0,1,1,2,0,2,4,2,0,0,2,1,1,3
2026-02-07 21:00:00,2,1,1,1,1,1,0,1,2,2,0,1,1,0,0,2,1,0,0,0,3,0,4,1
2026-02-08 00:00:00,0,0,1,0,0,0,1,0,0,0,0,0,0,0,0,1,0,0,0,0,0,0,0,1
2026-02-08 03:00:00,0,0,0,0,1,0,0,0,0,0,1,0,0,0,0,0,0,0,0,0,0,0,0,0
2026-02-08 06:00:00,1,0,0,1,1,5,0,0,1,0,0,0,0,1,1,1,0,0,0,1,0,1,4,0
2026-02-08 09:00:00,2,3,2,0,8,2,2,5,6,2,1,6,1,0,5,2,3,1,2,1,2,7,3,3
2026-02-08 12:00:00,5,4,3,2,5,6,2,1,2,0,2,2,4,3,4,6,6,3,2,3,0,6,1,4
2026-02-08 15:00:00,3,1,4,2,6,11,5,3,2,0,1,2,0,0,7,5,1,2,2,5,4,2,3,9
2026-02-08 18:00:00,0,1,0,3,1,1,0,0,1,1,0,0,1,0,0,0,2,1,0,0,0,2,1,2
2026-02-08 21:00:00,3,4,0,2,2,0,0,0,0,0,2,0,0,0,2,2,1,1,2,0,1,0,4,2
2026-02-09 00:00:00,0,0,0,0,0,1,0,0,0,0,0,0,0,0,0,0,0,0,0,0,0,0,0,0
2026-02-09 03:00:00,0,2,1,3,2,4,2,0,0,0,1,0,1,1,0,1,0,0,1,0,0,0,0,0
2026-02-09 06:00:00,28,19,10,44,7,7,15,16,11,13,11,3,10,13,7,11,0,4,11,6,0,4,4,2
2026-02-09 09:00:00,9,2,8,8,3,7,5,2,5,5,0,3,4,4,6,2,3,4,0,0,3,10,3,4
2026-02-09 12:00:00,3,8,16,8,7,7,5,3,5,2,3,4,3,2,1,2,9,4,4,5,1,4,5,4
2026-02-09 15:00:00,25,30,58,19,9,12,18,19,9,13,12,15,18,9,15,11,11,9,8,13,7,4,2,8
2026-02-09 18:00:00,5,13,13,5,10,7,2,4,3,2,4,6,3,8,6,6,5,2,2,9,8,2,5,6
2026-02-09 21:00:00,1,1,1,1,2,1,2,3,1,1,0,2,0,0,1,1,1,0,0,0,1,1,3,6
2026-02-10 00:00:00,0,0,0,0,0,0,0,1,0,0,0,0,0,0,0,0,0,0,0,0,0,0,0,0
2026-02-10 03:00:00,3,3,2,4,3,4,0,0,1,1,3,0,1,1,0,0,0,0,2,1,0,0,0,0
2026-02-10 06:00:00,52,35,15,54,11,14,26,20,22,19,15,7,23,14,10,14,0,15,22,9,3,4,5,3
2026-02-10 09:00:00,17,4,8,13,8,7,6,9,9,4,5,7,11,5,7,6,2,6,1,2,6,12,6,4
2026-02-10 12:00:00,9,9,19,10,3,12,3,5,7,4,7,10,2,2,5,5,9,10,2,7,7,3,6,9
2026-02-10 15:00:00,29,51,53,18,9,17,16,29,10,16,26,20,16,24,10,14,18,3,8,15,14,5,7,5
2026-02-10 18:00:00,10,15,12,7,20,9,11,11,5,3,5,7,4,7,4,7,9,4,4,8,4,3,4,7
2026-02-10 21:00:00,2,0,4,1,0,1,0,1,1,0,1,2,2,0,2,3,1,0,2,2,3,0,3,1
2026-02-11 00:00:00,0,0,0,1,1,0,0,0,0,0,0,0,0,0,0,0,0,0,0,0,0,0,0,1
2026-02-11 03:00:00,4,2,1,1,1,2,0,0,0,0,0,0,1,1,0,0,0,2,2,0,0,1,0,0
2026-02-11 06:00:00,46,31,16,50,13,12,25,22,21,29,20,6,21,13,11,12,0,10,22,9,5,8,8,3
2026-02-11 09:00:00,13,10,6,17,4,3,8,6,9,5,4,4,2,4,5,3,4,8,2,2,6,8,16,11
2026-02-11 12:00:00,12,11,18,10,6,5,6,4,6,2,4,11,5,2,1,3,8,7,5,5,3,1,4,5
2026-02-11 15:00:00,32,49,62,20,10,8,24,17,12,12,23,25,18,21,13,16,12,8,11,23,15,8,3,5
2026-02-11 18:00:00,6,20,13,3,11,4,5,9,4,2,6,7,3,7,5,8,8,2,5,8,7,4,8,6
2026-02-11 21:00:00,3,1,3,3,2,1,0,1,3,0,1,2,0,1,2,1,2,0,1,0,2,1,0,2
2026-02-12 00:00:00,0,0,0,0,0,0,0,0,0,0,1,0,0,0,0,0,2,0,0,0,0,0,0,0
2026-02-12 03:00:00,2,2,2,4,2,3,0,0,0,1,1,0,2,1,1,0,0,1,1,0,0,0,0,0
2026-02-12 06:00:00,50,29,19,45,12,16,32,16,16,28,12,8,14,12,14,12,1,15,17,6,1,5,4,2
2026-02-12 09:00:00,10,12,7,13,3,3,9,8,7,4,3,3,7,9,7,7,1,9,2,5,5,9,7,7
2026-02-12 12:00:00,6,10,11,12,7,6,5,7,5,4,3,11,4,3,1,4,10,0,5,5,6,12,6,8
2026-02-12 15:00:00,34,54,52,19,14,13,20,30,8,16,19,15,12,16,12,12,8,6,8,26,9,5,4,6
2026-02-12 18:00:00,8,11,4,3,6,7,3,5,2,3,8,8,1,7,10,8,6,2,1,6,5,4,5,10
2026-02-12 21:00:00,4,2,6,2,2,0,2,2,0,0,1,1,1,0,3,2,2,0,0,0,6,2,0,3
2026-02-13 00:00:00,0,0,0,0,1,0,0,0,1,0,0,1,0,0,0,1,1,0,0,0,0,0,0,0
2026-02-13 03:00:00,3,2,1,1,0,4,1,1,0,0,0,1,0,1,2,1,0,0,0,0,0,0,1,0
2026-02-13 06:00:00,20,12,11,34,9,10,24,5,14,14,9,2,15,7,13,10,1,8,12,3,2,2,5,2
2026-02-13 09:00:00,7,3,7,5,7,4,8,9,7,5,6,8,3,3,9,7,5,6,3,3,5,15,7,2
2026-02-13 12:00:00,9,10,14,7,8,7,10,9,8,14,10,9,6,5,10,12,18,11,4,5,5,15,8,8
2026-02-13 15:00:00,18,26,33,15,13,18,9,19,7,16,11,17,11,11,7,8,15,7,12,8,14,6,8,9
2026-02-13 18:00:00,6,9,9,3,7,6,3,5,3,1,3,3,5,2,2,8,12,3,3,8,5,4,4,6
2026-02-13 21:00:00,1,5,4,1,6,3,2,0,4,2,0,2,0,1,2,4,5,0,2,0,1,4,0,1
2026-02-14 00:00:00,3,0,0,1,0,2,2,0,0,0,0,1,1,0,0,1,1,0,0,0,0,0,0,1
2026-02-14 03:00:00,0,0,0,0,0,1,0,0,1,0,0,0,0,0,0,0,0,1,0,0,0,0,0,0
2026-02-14 06:00:00,0,1,0,1,3,5,1,0,0,2,0,2,0,2,6,0,0,1,1,1,2,1,2,0
2026-02-14 09:00:00,6,8,2,3,15,6,1,7,3,3,0,1,1,3,11,8,2,7,4,2,4,4,8,4
2026-02-14 12:00:00,2,5,8,11,9,8,11,8,11,6,3,3,3,2,9,9,11,6,3,0,6,9,7,4
2026-02-14 15:00:00,6,6,8,9,8,6,3,10,3,5,2,2,4,1,4,4,7,7,6,4,7,2,5,5
2026-02-14 18:00:00,4,3,1,2,7,6,1,3,1,4,4,3,2,3,1,2,2,4,0,1,2,3,1,5
2026-02-14 21:00:00,2,2,3,3,1,3,0,0,0,0,2,5,0,2,1,5,2,0,1,1,5,1,1,1
2026-02-15 00:00:00,1,0,2,1,2,0,2,0,0,0,0,2,0,0,0,0,0,0,1,0,0,0,0,0
2026-02-15 03:00:00,0,1,0,0,2,0,0,0,1,0,1,1,0,0,0,0,0,1,0,1,0,0,0,0
2026-02-15 06:00:00,2,2,1,0,2,3,0,0,0,0,0,3,0,0,3,0,0,0,0,0,0,0,4,0
2026-02-15 09:00:00,3,5,3,5,9,15,1,2,4,7,3,5,6,4,8,6,1,4,1,1,4,8,6,5
2026-02-15 12:00:00,5,5,6,8,16,8,7,4,6,1,10,9,3,9,6,8,11,9,5,5,8,10,8,1
2026-02-15 15:00:00,6,5,15,5,11,15,2,3,6,5,5,7,4,4,3,4,7,7,7,6,12,6,10,10
2026-02-15 18:00:00,5,4,3,6,4,5,3,6,0,1,10,3,3,3,1,6,2,6,0,0,3,3,2,3
2026-02-15 21:00:00,1,2,0,3,2,3,0,1,1,0,2,0,3,0,4,3,0,2,1,1,4,0,1,1
2026-02-16 00:00:00,0,0,1,0,1,0,0,0,0,0,0,1,0,0,0,0,0,0,0,0,0,0,0,0
2026-02-16 03:00:00,0,4,0,2,1,2,2,1,1,0,0,0,1,1,1,1,0,1,3,0,0,0,0,0
2026-02-16 06:00:00,22,12,6,19,15,2,11,9,6,6,2,3,9,11,10,4,1,2,5,2,1,5,2,2
2026-02-16 09:00:00,10,12,6,10,5,18,3,8,8,5,5,6,2,3,8,7,12,6,2,1,4,10,8,4
2026-02-16 12:00:00,10,13,13,12,19,13,7,8,10,2,7,11,5,4,5,6,12,7,4,5,8,15,6,11
2026-02-16 15:00:00,15,29,41,15,16,21,17,9,8,8,13,14,20,12,14,13,16,3,6,11,14,11,8,6
2026-02-16 18:00:00,6,6,11,5,10,10,3,10,2,6,6,5,2,8,10,9,9,5,2,4,7,2,4,4
2026-02-16 21:00:00,3,2,1,2,5,3,0,0,1,2,1,1,0,0,2,5,1,0,0,1,1,1,1,2
2026-02-17 00:00:00,0,0,1,0,1,0,0,0,0,0,0,1,0,0,0,0,0,0,2,2,0,0,0,0
2026-02-17 03:00:00,3,4,1,3,2,7,1,1,1,0,2,0,3,1,1,0,0,1,4,1,0,0,1,0
2026-02-17 06:00:00,81,43,13,53,12,17,32,25,27,20,21,6,23,13,13,14,0,14,27,6,3,9,2,5
2026-02-17 09:00:00,16,18,11,14,7,6,10,13,13,3,6,7,9,3,2,4,4,7,11,3,3,9,4,6
2026-02-17 12:00:00,12,18,20,12,12,4,9,6,6,11,5,12,3,6,5,5,10,6,2,10,6,8,11,14
2026-02-17 15:00:00,34,54,53,30,17,13,34,28,8,13,23,20,20,17,14,10,17,6,10,25,19,7,10,13
2026-02-17 18:00:00,8,15,15,4,14,15,5,8,4,0,8,4,3,11,6,11,8,2,1,12,6,5,11,7
2026-02-17 21:00:00,0,1,1,1,5,3,2,0,0,1,1,2,1,0,3,1,2,2,2,3,2,3,3,2
2026-02-18 00:00:00,0,0,0,0,1,0,0,0,0,0,0,0,0,0,0,0,0,0,0,0,0,0,1,0
2026-02-18 03:00:00,4,4,2,1,0,6,1,1,2,0,2,0,1,1,2,0,0,1,3,0,0,0,0,0
2026-02-18 06:00:00,68,43,23,54,15,14,36,19,22,22,16,3,30,18,14,14,1,11,26,11,4,7,5,3
2026-02-18 09:00:00,21,12,11,23,8,11,6,4,8,6,4,5,8,3,3,8,3,7,9,6,3,9,8,5
2026-02-18 12:00:00,8,14,25,15,8,13,10,7,10,7,5,12,4,6,3,3,6,8,5,7,7,9,9,10
2026-02-18 15:00:00,44,63,73,26,22,14,19,23,10,16,24,18,17,24,10,21,14,13,18,34,21,11,6,6
2026-02-18 18:00:00,10,18,11,10,14,6,6,11,4,4,17,10,2,11,13,11,14,9,8,13,5,10,10,5
2026-02-18 21:00:00,1,5,4,3,4,2,1,1,1,0,1,3,1,2,2,1,1,1,0,0,5,1,1,2
2026-02-19 00:00:00,0,0,0,0,2,3,0,0,0,0,0,0,0,0,0,1,0,0,0,0,0,1,0,0
2026-02-19 03:00:00,5,3,1,1,2,7,1,1,2,2,2,0,2,1,3,2,0,1,0,0,0,0,1,0
2026-02-19 06:00:00,64,43,25,57,14,21,42,20,24,25,14,7,20,17,18,12,2,12,24,7,3,6,4,1
2026-02-19 09:00:00,24,16,18,16,8,8,9,8,13,7,5,8,6,7,5,7,4,8,5,3,8,9,8,8
2026-02-19 12:00:00,14,10,22,23,9,6,7,12,6,7,6,11,5,4,4,4,10,13,6,5,15,4,4,15
2026-02-19 15:00:00,45,47,65,38,24,11,29,35,14,16,22,19,22,26,12,15,17,11,8,24,12,9,13,7
2026-02-19 18:00:00,4,15,17,8,13,7,4,6,5,4,11,9,3,6,12,13,7,4,3,12,9,3,3,3
2026-02-19 21:00:00,1,2,1,4,1,2,0,2,0,0,1,1,0,1,3,1,0,1,1,1,3,0,0,0
2026-02-20 00:00:00,0,1,2,0,2,2,0,1,0,0,0,0,0,0,0,0,0,1,0,0,0,0,0,1
2026-02-20 03:00:00,2,2,0,3,2,3,1,1,2,1,0,1,0,1,2,0,0,0,1,0,0,0,0,0
2026-02-20 06:00:00,21,13,6,29,8,9,23,5,12,10,9,3,12,6,8,10,0,8,13,7,4,8,3,0
2026-02-20 09:00:00,13,6,12,15,10,8,6,3,6,4,4,7,2,5,3,4,3,5,8,2,1,13,4,3
2026-02-20 12:00:00,5,13,17,12,10,6,5,3,7,4,2,13,6,2,5,6,5,4,3,4,5,4,6,9
2026-02-20 15:00:00,14,20,39,11,12,13,14,14,9,10,8,9,5,15,2,5,5,3,8,11,7,5,7,9
2026-02-20 18:00:00,8,12,7,5,6,14,2,4,3,0,3,6,0,7,8,7,4,3,1,4,2,1,4,9
2026-02-20 21:00:00,4,6,1,3,3,2,1,4,0,2,1,0,1,0,0,2,1,0,2,2,3,0,2,1
2026-02-21 00:00:00,1,0,0,1,0,3,0,4,1,0,2,1,0,0,0,1,0,0,0,0,1,1,0,0
2026-02-21 03:00:00,0,0,0,0,1,0,0,0,0,0,0,0,0,0,0,0,0,1,0,0,0,0,0,0
2026-02-21 06:00:00,3,1,1,4,7,1,2,1,3,0,0,3,1,1,2,0,0,1,1,0,0,2,2,0
2026-02-21 09:00:00,7,6,3,4,13,15,4,2,8,2,3,5,0,1,5,6,1,6,1,1,1,3,3,2
2026-02-21 12:00:00,4,5,8,6,4,10,7,1,7,7,2,5,1,0,5,6,3,5,2,2,3,3,6,4
2026-02-21 15:00:00,2,5,8,10,6,5,4,2,1,0,3,7,3,6,5,9,5,2,3,1,3,2,3,6
2026-02-21 18:00:00,1,1,2,1,7,6,3,4,1,2,0,1,1,0,2,0,3,1,0,0,1,1,2,1
2026-02-21 21:00:00,1,1,3,0,0,0,2,0,2,0,0,0,0,0,0,3,0,1,0,0,0,0,2,1
2026-02-22 00:00:00,0,0,0,0,2,0,1,1,0,0,0,0,1,0,0,0,0,0,0,0,0,0,1,0
2026-02-22 03:00:00,0,0,0,0,1,0,0,0,0,0,0,0,0,0,0,0,0,0,0,0,1,0,0,0
2026-02-22 06:00:00,0,1,0,1,3,1,1,1,1,0,0,2,0,1,2,1,0,1,0,0,0,0,1,0
2026-02-22 09:00:00,3,2,11,2,6,8,4,5,2,1,0,3,2,2,2,0,5,1,0,1,0,5,1,3
2026-02-22 12:00:00,4,2,4,3,12,5,4,3,1,0,0,3,1,2,2,3,5,5,2,1,2,3,1,2
2026-02-22 15:00:00,4,4,3,4,4,9,1,3,4,3,2,5,1,1,4,4,6,3,0,0,1,2,4,1
2026-02-22 18:00:00,1,0,2,2,1,6,0,0,2,0,0,4,1,0,0,1,1,0,0,0,0,2,0,4
2026-02-22 21:00:00,1,1,0,3,1,0,0,0,0,1,0,1,0,0,1,0,1,1,1,0,0,0,1,0
2026-02-23 00:00:00,0,0,1,0,0,0,0,0,0,0,0,0,0,0,0,0,0,0,0,0,0,0,1,0
2026-02-23 03:00:00,2,1,1,1,3,3,0,1,0,1,2,0,0,1,1,0,0,0,2,0,0,0,0,0
2026-02-23 06:00:00,41,21,13,41,6,11,13,18,10,19,12,3,6,8,5,6,0,11,12,4,2,1,2,0
2026-02-23 09:00:00,6,6,4,7,5,3,7,5,6,3,4,3,0,3,4,1,5,4,1,3,3,8,11,6
2026-02-23 12:00:00,6,10,14,4,4,2,4,2,1,2,4,4,3,3,2,3,3,3,4,7,4,6,3,4
2026-02-23 15:00:00,24,34,60,12,9,9,23,19,8,12,19,11,15,14,9,8,10,2,6,13,10,4,8,5
2026-02-23 18:00:00,4,15,10,6,9,2,5,6,1,4,5,6,0,8,6,8,9,6,2,3,7,2,2,2
2026-02-23 21:00:00,1,1,3,0,3,2,0,4,2,0,0,0,2,0,2,1,0,0,1,3,1,0,1,1
2026-02-24 00:00:00,0,0,0,0,0,0,0,0,0,0,0,0,0,0,0,0,0,0,0,0,0,0,0,0
2026-02-24 03:00:00,1,2,1,1,4,4,0,1,2,2,2,0,0,1,1,0,0,1,4,0,0,0,0,0
2026-02-24 06:00:00,60,33,15,46,10,14,36,18,14,24,13,2,18,13,13,11,1,9,23,13,0,4,4,4
2026-02-24 09:00:00,10,6,12,12,6,13,6,5,5,4,4,6,3,5,5,4,5,6,2,2,3,12,8,3
2026-02-24 12:00:00,7,4,9,9,7,7,7,6,0,7,6,4,3,4,3,3,4,0,5,5,1,4,6,8
2026-02-24 15:00:00,29,43,50,20,13,17,24,25,8,11,24,15,12,17,10,11,12,2,12,22,11,2,7,11
2026-02-24 18:00:00,5,15,12,10,6,6,8,5,0,3,5,5,3,7,5,9,8,2,3,7,8,3,5,7
2026-02-24 21:00:00,5,1,2,1,2,2,3,3,0,1,3,1,1,1,3,1,1,0,0,0,4,0,3,3
2026-02-25 00:00:00,0,0,0,0,1,1,0,0,0,0,0,0,0,0,0,0,0,0,0,0,1,0,1,2
2026-02-25 03:00:00,4,3,2,3,2,1,0,1,0,2,1,1,1,2,0,0,0,0,3,0,0,0,1,0
2026-02-25 06:00:00,56,29,20,53,16,17,35,23,22,23,15,5,26,19,18,7,0,17,25,8,4,8,7,2
2026-02-25 09:00:00,17,10,10,14,5,10,5,5,6,9,4,3,2,5,2,4,4,10,10,3,6,9,7,5
2026-02-25 12:00:00,12,13,19,11,8,4,5,4,5,5,6,4,2,1,2,2,8,3,5,2,2,3,8,5
2026-02-25 15:00:00,44,53,61,15,18,15,20,31,9,14,22,21,19,24,8,14,13,5,13,20,12,6,5,7
2026-02-25 18:00:00,9,13,14,3,12,15,7,13,5,2,8,2,4,5,4,6,6,2,4,13,5,3,5,3
2026-02-25 21:00:00,0,2,4,3,5,4,2,2,1,1,1,2,0,0,1,1,4,0,0,1,3,1,4,5
2026-02-26 00:00:00,0,1,0,1,1,1,0,0,0,0,0,0,0,0,0,0,2,1,0,1,0,0,0,0
2026-02-26 03:00:00,1,3,1,4,1,2,2,1,0,2,1,0,2,1,1,1,0,0,0,0,0,0,0,0
2026-02-26 06:00:00,69,37,17,47,10,14,33,23,19,35,14,6,20,13,11,13,2,10,17,4,0,3,6,3
2026-02-26 09:00:00,12,11,11,16,6,7,18,11,5,9,5,6,1,7,4,6,4,10,5,4,6,16,4,3
2026-02-26 12:00:00,10,7,16,17,5,6,7,10,10,3,6,9,1,4,3,3,5,9,8,8,5,5,6,10
2026-02-26 15:00:00,46,57,54,26,13,10,21,22,10,16,25,12,17,29,6,12,13,8,14,22,19,6,5,5
2026-02-26 18:00:00,2,19,21,13,5,11,6,7,3,2,6,11,3,7,8,9,10,5,3,6,10,3,5,11
2026-02-26 21:00:00,4,0,5,3,1,2,2,1,4,2,2,8,1,1,3,2,1,0,4,4,4,0,1,3
2026-02-27 00:00:00,1,0,0,1,1,1,0,0,0,0,1,0,0,0,0,0,1,0,0,0,2,0,0,1
2026-02-27 03:00:00,1,3,1,4,2,3,1,2,0,1,1,1,0,1,1,0,0,1,1,0,0,0,1,0
2026-02-27 06:00:00,19,19,14,31,12,14,21,3,13,17,11,4,16,7,11,6,1,9,5,3,3,8,3,1
2026-02-27 09:00:00,13,5,5,13,10,10,7,8,9,10,4,6,6,5,5,6,3,6,6,4,4,8,7,4
2026-02-27 12:00:00,17,5,18,33,9,11,8,14,8,6,8,11,6,9,7,5,16,13,6,4,10,10,8,5
2026-02-27 15:00:00,15,30,36,15,21,18,8,16,9,18,15,26,15,12,12,10,20,6,8,18,14,6,1,8
2026-02-27 18:00:00,11,12,8,8,8,14,1,13,5,7,7,10,5,1,11,8,10,8,3,4,8,7,7,7
2026-02-27 21:00:00,2,1,2,2,4,7,1,1,0,4,8,3,0,0,5,5,4,3,0,1,4,5,0,2
2026-02-28 00:00:00,2,1,1,1,3,3,3,0,0,0,0,1,1,0,0,3,1,0,0,4,0,3,0,1
2026-02-28 03:00:00,0,0,0,0,1,1,0,0,0,0,0,1,1,1,0,0,0,1,0,0,0,0,1,0
2026-02-28 06:00:00,1,1,1,5,7,2,1,0,2,1,0,2,1,3,8,0,1,0,1,1,1,1,3,2
2026-02-28 09:00:00,3,3,1,4,14,11,2,0,8,4,1,3,2,0,3,5,6,5,6,1,2,7,5,3
2026-02-28 12:00:00,7,10,2,4,9,16,8,4,3,5,3,6,6,0,5,4,7,8,4,4,1,2,6,6
2026-02-28 15:00:00,5,5,10,6,9,8,2,4,4,4,1,3,2,1,3,3,4,3,1,8,8,4,3,6
2026-02-28 18:00:00,2,5,5,5,4,7,2,8,3,4,1,2,0,2,1,2,4,1,0,1,3,2,4,2
2026-02-28 21:00:00,3,2,2,2,0,4,0,1,0,2,1,3,1,0,2,1,1,0,2,0,3,1,2,2
2026-03-01 00:00:00,1,0,0,0,1,3,0,0,0,1,0,0,0,0,0,0,0,0,0,0,3,1,0,1
2026-03-01 03:00:00,0,0,0,0,0,0,0,0,0,0,0,0,0,0,2,1,1,1,0,0,0,0,0,0
2026-03-01 06:00:00,0,1,5,6,3,2,0,0,0,1,0,1,0,0,2,1,0,0,1,3,1,1,4,0
2026-03-01 09:00:00,7,2,3,2,8,6,4,2,3,1,1,4,2,2,4,2,3,4,2,2,3,7,4,5
2026-03-01 12:00:00,5,5,2,3,9,5,2,8,3,4,1,1,0,2,3,6,6,4,2,0,5,6,9,8
2026-03-01 15:00:00,1,6,6,2,8,8,7,2,1,3,1,6,2,2,3,3,4,3,3,1,7,4,6,2
2026-03-01 18:00:00,2,3,2,3,3,9,2,6,3,0,3,1,1,1,2,3,5,2,2,5,3,1,1,4
2026-03-01 21:00:00,1,1,1,1,1,3,0,0,0,1,2,3,0,1,0,3,1,0,1,0,0,0,2,1
2026-03-02 00:00:00,0,1,0,0,0,0,0,0,0,0,0,1,0,0,1,0,0,0,0,0,0,0,0,3
2026-03-02 03:00:00,1,2,2,3,0,4,0,1,1,2,1,0,1,0,0,0,0,1,2,1,0,0,1,0
2026-03-02 06:00:00,34,33,21,53,13,10,28,19,14,22,14,2,16,15,10,10,1,10,15,3,1,7,5,2
2026-03-02 09:00:00,11,2,9,10,6,8,3,6,4,3,1,5,1,3,3,2,3,8,6,3,3,11,8,4
2026-03-02 12:00:00,7,13,16,8,3,6,8,7,3,3,4,11,4,5,4,4,9,4,2,1,2,9,4,7
2026-03-02 15:00:00,33,39,47,20,13,9,22,24,12,18,18,19,18,18,9,9,13,9,10,12,11,2,12,9
2026-03-02 18:00:00,7,12,15,4,14,9,6,7,3,2,8,7,3,10,6,1,12,1,4,15,5,5,3,5
2026-03-02 21:00:00,1,1,2,1,3,4,0,4,2,1,2,3,1,1,0,0,4,5,1,1,6,1,2,4
2026-03-03 00:00:00,0,0,0,0,0,1,0,1,0,0,0,0,0,0,0,0,1,1,0,0,0,0,0,0
2026-03-03 03:00:00,0,1,2,4,2,5,1,1,1,1,1,0,2,0,1,1,0,0,0,0,1,1,1,0
2026-03-03 06:00:00,62,37,22,53,17,15,47,21,24,23,21,3,26,19,12,9,0,16,16,4,2,7,4,4
2026-03-03 09:00:00,18,12,10,14,0,5,6,8,12,4,3,7,6,4,2,4,2,5,2,7,5,13,10,6
2026-03-03 12:00:00,8,10,20,11,8,6,8,4,5,3,7,4,5,3,2,1,8,5,6,8,5,8,6,8
2026-03-03 15:00:00,35,53,56,24,11,13,19,30,8,16,33,13,22,36,9,8,18,1,8,22,18,5,9,14
2026-03-03 18:00:00,12,17,11,2,8,9,10,14,9,5,7,8,4,6,7,5,4,1,2,9,3,3,9,8
2026-03-03 21:00:00,0,4,2,0,3,2,2,4,0,1,2,1,0,2,3,0,1,0,3,2,2,0,2,3
2026-03-04 00:00:00,0,0,0,0,1,0,0,0,0,0,0,0,0,0,0,0,1,0,0,0,0,0,0,1
2026-03-04 03:00:00,1,1,2,4,2,4,1,1,0,0,2,0,0,0,0,0,0,0,3,0,1,0,1,0
2026-03-04 06:00:00,66,40,17,46,15,12,39,20,10,38,14,1,30,18,15,13,0,18,29,4,4,4,9,1
2026-03-04 09:00:00,15,9,8,20,5,6,4,7,7,5,6,7,13,7,2,7,6,6,7,1,3,15,5,8
2026-03-04 12:00:00,11,22,16,7,7,6,4,4,10,2,3,5,1,5,3,2,4,5,3,7,7,5,6,10
2026-03-04 15:00:00,25,36,60,14,3,7,19,17,9,10,29,9,14,16,13,6,3,2,3,18,8,1,2,2
2026-03-04 18:00:00,8,13,7,3,6,7,1,9,4,0,4,5,2,11,3,5,6,3,0,7,3,1,6,2
2026-03-04 21:00:00,0,1,5,1,3,3,2,1,1,1,3,2,0,1,0,2,4,1,1,1,1,2,2,4
2026-03-05 00:00:00,0,0,0,0,0,0,0,1,1,0,0,0,0,0,0,0,2,1,0,1,0,0,0,0
2026-03-05 03:00:00,2,2,2,2,0,3,1,1,0,1,1,0,2,1,1,1,0,0,3,0,0,0,1,0
2026-03-05 06:00:00,28,24,13,38,9,14,18,13,14,24,8,1,14,13,11,10,2,10,22,5,2,3,4,3
2026-03-05 09:00:00,16,12,7,19,1,1,7,3,5,8,2,11,5,4,5,4,5,8,9,1,4,13,6,5
2026-03-05 12:00:00,11,7,11,11,13,9,7,7,9,3,3,6,3,4,2,4,8,7,5,3,6,5,3,12
2026-03-05 15:00:00,40,54,61,22,19,17,22,26,6,16,18,13,12,23,9,7,16,7,8,26,18,7,9,8
2026-03-05 18:00:00,10,11,8,5,9,9,5,8,3,1,8,12,3,7,8,6,8,2,2,11,4,3,9,8
2026-03-05 21:00:00,3,5,6,2,2,3,3,0,3,0,1,1,1,1,3,6,2,1,3,3,5,3,2,5
2026-03-06 00:00:00,0,0,0,0,0,0,0,0,0,0,0,0,0,0,0,1,0,1,0,0,0,0,1,0
2026-03-06 03:00:00,1,2,1,5,1,2,0,1,1,0,0,1,1,0,0,1,0,1,2,1,1,0,0,0
2026-03-06 06:00:00,26,14,11,24,19,13,21,6,14,22,6,2,9,7,11,13,0,10,11,4,1,5,7,3
2026-03-06 09:00:00,9,4,2,7,4,6,6,4,3,7,6,4,3,3,6,5,5,4,3,2,0,9,3,8
2026-03-06 12:00:00,4,10,6,5,9,10,6,7,0,3,4,5,2,4,4,2,9,8,2,1,2,8,7,6
2026-03-06 15:00:00,18,14,25,13,6,5,8,11,4,9,12,9,6,8,9,7,5,3,6,13,7,3,6,4
2026-03-06 18:00:00,12,5,7,6,5,4,1,8,2,1,6,3,3,2,2,5,8,5,3,5,7,2,5,7
2026-03-06 21:00:00,0,3,2,3,4,3,0,3,1,0,0,0,1,0,0,2,1,4,2,0,1,4,2,3
2026-03-07 00:00:00,1,1,1,0,3,0,1,2,2,0,2,0,0,0,4,3,0,1,1,0,4,0,1,1
2026-03-07 03:00:00,0,1,0,0,0,1,0,0,0,0,0,0,0,0,0,0,0,1,0,0,0,0,0,0
2026-03-07 06:00:00,1,2,2,3,4,6,3,0,3,0,0,3,1,2,1,0,1,3,1,1,0,3,3,0
2026-03-07 09:00:00,6,5,6,5,15,11,3,5,10,8,1,8,4,3,8,6,4,8,6,2,5,8,3,3
2026-03-07 12:00:00,5,11,6,6,15,15,4,3,4,0,2,9,5,3,8,8,6,5,3,0,14,10,6,7
2026-03-07 15:00:00,7,9,11,6,20,11,10,4,11,0,3,11,5,7,8,7,6,9,8,2,9,6,3,7
2026-03-07 18:00:00,4,5,3,0,6,7,3,2,6,2,5,2,1,1,4,3,5,5,3,1,6,3,4,4
2026-03-07 21:00:00,2,1,3,3,5,1,1,0,2,2,4,2,2,0,2,1,3,1,3,0,8,2,3,5
2026-03-08 00:00:00,2,1,1,1,2,0,0,1,0,0,3,0,1,1,0,0,0,1,0,0,3,0,0,1
2026-03-08 03:00:00,0,1,0,1,0,2,0,0,0,0,0,0,0,0,1,1,0,0,0,0,1,0,0,1
2026-03-08 06:00:00,0,1,2,0,8,6,0,0,0,1,2,1,1,1,0,0,0,2,0,0,1,0,4,0
2026-03-08 09:00:00,12,6,2,2,10,9,3,3,4,6,2,2,2,3,5,6,7,6,2,2,4,4,6,4
2026-03-08 12:00:00,7,9,13,17,18,12,3,5,11,2,7,5,2,7,6,6,4,11,4,5,9,10,6,7
2026-03-08 15:00:00,11,11,14,8,6,11,3,13,8,4,4,2,3,5,8,9,10,6,2,3,8,3,2,3
2026-03-08 18:00:00,13,2,5,6,10,14,4,7,4,4,4,2,0,1,6,8,7,10,2,6,7,6,2,3
2026-03-08 21:00:00,2,3,2,1,4,9,1,0,2,1,4,3,1,0,0,0,0,0,1,0,2,0,1,4
2026-03-09 00:00:00,0,0,0,0,2,1,0,1,0,0,1,0,0,0,0,0,2,1,0,0,0,0,1,6
2026-03-09 03:00:00,4,3,2,4,1,4,0,0,1,0,1,0,2,0,1,0,0,0,3,1,0,0,0,0
2026-03-09 06:00:00,55,34,17,42,12,11,32,17,22,29,16,5,16,8,8,12,2,16,28,8,2,12,4,1
2026-03-09 09:00:00,19,13,7,18,5,5,7,11,10,3,5,11,10,8,5,9,5,10,2,2,7,15,12,3
2026-03-09 12:00:00,12,13,20,15,8,8,5,7,7,9,5,12,4,10,5,12,16,10,9,9,9,14,5,2
2026-03-09 15:00:00,32,55,65,26,29,15,31,29,12,14,36,9,19,35,13,16,13,6,11,23,16,9,6,8
2026-03-09 18:00:00,12,15,12,12,22,24,6,14,7,7,10,11,3,10,13,15,14,2,4,9,14,4,2,4
2026-03-09 21:00:00,2,5,4,4,3,3,5,4,1,5,1,2,0,0,3,3,8,1,2,4,4,1,1,4
2026-03-10 00:00:00,0,0,0,1,0,1,0,0,0,0,0,0,0,0,0,0,2,1,0,0,0,2,2,1
2026-03-10 03:00:00,2,2,0,3,0,6,0,0,2,0,1,0,3,0,2,2,1,0,1,0,0,1,0,0
2026-03-10 06:00:00,65,43,20,55,15,19,43,21,20,27,18,5,22,15,23,6,0,21,26,12,3,11,7,4
2026-03-10 09:00:00,15,19,13,15,7,7,9,11,8,8,2,6,2,1,3,5,7,7,4,4,2,9,9,6
2026-03-10 12:00:00,10,6,15,8,5,5,10,3,2,9,8,6,5,6,1,2,10,5,3,8,12,11,10,11
2026-03-10 15:00:00,29,61,62,25,14,12,18,27,14,21,28,15,15,22,16,12,17,6,14,32,19,3,5,5
2026-03-10 18:00:00,5,7,6,6,5,7,4,5,3,0,8,1,2,4,3,5,8,2,2,3,4,2,4,6
2026-03-10 21:00:00,0,1,2,0,1,1,2,0,0,0,0,1,0,0,0,0,2,1,0,0,1,1,0,3
2026-03-11 00:00:00,0,0,0,0,0,1,1,1,0,0,0,0,0,0,0,0,0,0,0,0,0,1,0,0
2026-03-11 03:00:00,0,2,2,5,0,2,1,1,0,0,1,1,0,1,1,0,0,0,0,0,0,0,0,0
2026-03-11 06:00:00,28,19,10,25,11,4,23,16,5,16,11,0,18,9,8,11,1,13,13,3,0,1,1,0
2026-03-11 09:00:00,16,5,10,15,4,5,3,6,4,4,3,5,3,6,5,3,2,4,6,2,1,11,3,1
2026-03-11 12:00:00,5,10,8,7,3,3,3,2,3,4,1,5,3,1,1,0,2,1,2,3,2,5,4,3
2026-03-11 15:00:00,27,36,57,18,11,19,13,20,12,10,13,11,8,12,12,8,7,6,13,22,10,4,4,7
2026-03-11 18:00:00,10,9,10,9,16,10,6,4,6,5,6,11,2,9,3,7,11,3,4,9,4,4,3,6
2026-03-11 21:00:00,1,2,3,0,1,1,1,2,3,1,4,3,2,0,1,1,2,0,1,0,4,2,0,1
2026-03-12 00:00:00,0,0,0,1,2,2,0,1,0,0,0,0,0,0,0,1,0,1,0,0,1,0,0,1
2026-03-12 03:00:00,1,4,0,3,3,4,1,2,0,2,2,0,2,0,1,1,0,0,1,0,0,1,0,1
2026-03-12 06:00:00,61,32,19,50,14,17,40,30,17,32,15,6,21,11,11,12,0,11,16,4,4,6,5,3
2026-03-12 09:00:00,16,12,13,19,6,10,3,9,12,10,2,9,5,8,4,9,2,6,9,4,7,9,6,2
2026-03-12 12:00:00,7,10,17,9,9,8,12,9,5,6,4,10,5,4,5,5,15,10,6,8,6,7,5,0
2026-03-12 15:00:00,31,50,72,29,19,6,22,30,14,16,26,20,13,16,13,14,11,7,9,24,23,7,3,3
2026-03-12 18:00:00,6,12,9,8,12,8,15,8,8,7,5,16,9,5,8,12,8,4,5,6,10,3,3,3
2026-03-12 21:00:00,1,5,8,0,7,2,2,5,1,3,2,4,2,0,1,2,2,2,1,0,3,0,0,0
2026-03-13 00:00:00,1,0,1,1,1,2,0,1,0,0,0,0,0,1,0,0,0,1,0,0,0,0,1,1
2026-03-13 03:00:00,1,2,1,3,1,3,1,1,0,0,0,0,1,0,1,0,1,1,1,0,0,1,0,0
2026-03-13 06:00:00,23,10,15,37,13,12,18,10,14,18,10,1,10,7,9,10,1,10,14,6,0,4,5,2
2026-03-13 09:00:00,13,9,13,7,9,7,8,8,8,4,2,5,1,4,5,4,1,3,6,4,1,5,3,1
2026-03-13 12:00:00,10,11,8,6,5,11,9,5,7,9,6,3,5,6,5,7,7,9,6,8,8,5,2,3
2026-03-13 15:00:00,15,30,29,11,12,16,15,22,13,13,15,24,10,10,15,11,11,12,10,5,11,3,1,2
2026-03-13 18:00:00,3,12,2,4,16,12,1,2,10,1,6,6,7,0,4,5,10,2,1,7,7,6,1,5
2026-03-13 21:00:00,4,5,3,1,4,3,2,2,2,2,0,2,0,1,4,3,2,1,2,2,4,2,0,1
2026-03-14 00:00:00,1,1,2,2,0,0,0,0,1,0,1,1,1,1,1,0,1,0,0,0,1,0,0,0
2026-03-14 03:00:00,0,1,1,0,0,2,0,1,1,1,0,0,0,0,0,1,0,1,0,0,0,0,0,0
2026-03-14 06:00:00,2,1,2,18,4,9,3,6,2,3,2,0,0,3,6,3,1,8,4,0,0,1,2,1
2026-03-14 09:00:00,6,10,6,14,11,11,8,7,6,11,3,7,7,3,12,14,2,11,7,7,3,2,3,3
2026-03-14 12:00:00,7,7,5,11,15,5,7,5,4,4,3,8,5,10,9,5,3,11,2,6,7,2,3,2
2026-03-14 15:00:00,5,4,3,4,4,7,1,2,2,1,2,3,0,1,2,12,2,3,0,2,3,2,1,0
2026-03-14 18:00:00,2,4,5,4,7,3,4,7,1,0,3,1,2,0,3,7,5,4,3,2,4,0,0,1
2026-03-14 21:00:00,2,3,2,0,0,3,2,2,1,2,2,0,0,2,3,4,0,2,1,1,2,0,0,0
2026-03-15 00:00:00,5,1,4,0,4,1,0,1,0,0,0,0,0,0,2,0,0,0,3,1,0,0,0,0
2026-03-15 03:00:00,2,0,0,1,2,0,0,0,2,0,0,0,0,0,0,1,0,0,0,1,0,0,0,0
2026-03-15 06:00:00,2,1,3,0,1,2,0,2,1,0,1,2,0,1,3,1,0,2,1,0,2,1,1,1
2026-03-15 09:00:00,6,1,2,3,8,4,3,3,6,3,4,4,1,1,3,4,1,3,1,1,1,4,2,2
2026-03-15 12:00:00,12,6,5,5,9,9,8,4,4,5,1,1,2,3,4,3,2,2,3,3,7,2,0,0
2026-03-15 15:00:00,8,3,2,14,12,6,5,5,5,6,3,4,3,3,3,5,2,12,2,2,5,3,2,2
2026-03-15 18:00:00,0,0,1,1,1,0,0,0,0,0,0,2,0,0,0,0,0,0,2,0,0,0,0,0
2026-03-15 21:00:00,2,2,0,2,0,0,0,0,0,0,1,0,0,0,0,0,0,0,0,0,0,0,0,0
2026-03-16 00:00:00,0,0,0,1,0,0,0,1,0,0,0,0,0,0,0,0,0,0,0,0,0,0,0,0
2026-03-16 03:00:00,1,1,2,0,1,3,0,1,0,1,1,1,1,0,0,0,0,0,1,0,0,0,0,0
2026-03-16 06:00:00,16,12,2,20,7,2,15,10,3,10,7,1,4,3,3,5,1,7,6,1,0,1,0,0
2026-03-16 09:00:00,8,1,6,6,3,4,4,6,5,1,1,3,4,0,4,3,0,4,4,4,3,3,0,0
2026-03-16 12:00:00,10,8,8,4,2,4,4,3,3,3,1,3,0,1,3,5,2,2,5,2,1,2,0,0
2026-03-16 15:00:00,23,23,46,12,4,12,15,13,4,8,9,4,9,5,10,9,5,4,7,11,9,0,2,0
2026-03-16 18:00:00,4,9,8,4,9,8,4,11,2,2,5,2,1,3,5,5,6,5,2,3,7,2,0,0
2026-03-16 21:00:00,2,2,2,0,2,1,2,2,1,1,1,4,0,0,0,0,2,0,0,0,4,0,0,0
2026-03-17 00:00:00,0,1,0,0,0,0,0,0,0,0,0,0,0,0,0,0,0,0,0,0,0,0,0,0
2026-03-17 03:00:00,2,2,1,3,2,4,1,2,0,0,2,1,2,0,2,0,0,0,0,0,0,0,0,0
2026-03-17 06:00:00,41,30,14,41,6,11,29,17,15,18,12,2,15,5,9,9,0,16,24,7,3,1,2,0
2026-03-17 09:00:00,12,2,10,16,3,11,5,5,6,1,5,5,3,4,2,7,2,5,6,5,1,2,2,0
2026-03-17 12:00:00,7,15,15,9,2,4,7,3,3,4,3,5,2,0,6,1,1,3,5,3,2,4,0,0
2026-03-17 15:00:00,32,45,48,19,21,17,16,23,12,19,18,12,17,13,9,10,4,6,6,25,9,4,2,1
2026-03-17 18:00:00,11,11,18,3,9,7,3,13,2,3,6,10,3,6,7,7,5,3,2,7,5,0,2,3
2026-03-17 21:00:00,1,0,3,2,4,5,2,2,2,2,0,5,1,1,0,2,0,1,0,1,1,0,0,0
2026-03-18 00:00:00,0,1,0,0,2,2,1,0,0,1,1,0,0,0,0,0,0,0,0,0,0,0,0,0
2026-03-18 03:00:00,4,3,2,3,1,3,0,1,2,0,4,0,1,0,2,1,0,0,1,0,0,0,0,0
2026-03-18 06:00:00,42,26,13,41,8,13,26,14,19,21,11,3,19,6,9,7,0,11,11,4,1,4,1,1
2026-03-18 09:00:00,20,7,9,10,4,6,6,9,6,3,1,7,6,3,1,4,4,4,11,2,4,6,1,1
2026-03-18 12:00:00,8,11,12,13,6,6,6,6,9,4,4,7,3,2,3,1,2,7,13,6,11,2,0,0
2026-03-18 15:00:00,28,46,50,12,13,14,24,24,8,21,16,29,16,18,9,12,8,5,6,21,21,0,0,0
2026-03-18 18:00:00,16,21,6,4,12,14,7,8,4,5,14,15,7,18,10,14,8,5,5,6,5,3,2,4
2026-03-18 21:00:00,0,3,6,0,6,2,1,3,0,3,2,2,0,0,3,1,0,0,3,3,1,0,1,1
2026-03-19 00:00:00,0,0,0,0,0,1,0,0,1,0,0,0,0,0,0,0,0,0,0,1,0,0,0,0
2026-03-19 03:00:00,0,2,1,1,2,3,0,1,0,2,1,1,2,1,1,1,0,0,1,0,0,0,0,0
2026-03-19 06:00:00,62,33,16,54,11,19,32,25,21,37,13,5,24,8,10,12,0,21,31,9,7,4,1,1
2026-03-19 09:00:00,14,12,16,12,8,8,9,10,13,5,6,4,10,7,2,4,1,7,5,5,2,5,0,0
2026-03-19 12:00:00,13,14,17,9,4,8,15,14,10,4,5,10,6,1,3,4,1,7,4,8,9,6,3,0
2026-03-19 15:00:00,36,51,67,31,17,13,21,32,6,24,37,28,15,30,16,16,9,4,18,23,22,2,1,3
2026-03-19 18:00:00,16,17,9,7,17,6,5,9,3,5,10,10,5,6,7,15,9,4,6,7,7,2,2,3
2026-03-19 21:00:00,3,5,7,1,4,4,0,1,4,2,4,6,0,1,2,5,1,1,1,4,3,1,3,0
2026-03-20 00:00:00,0,0,0,0,4,1,0,0,5,1,0,0,1,0,0,0,0,0,0,2,0,1,0,0
2026-03-20 03:00:00,1,3,2,1,2,6,1,1,1,1,1,0,2,0,3,0,0,1,1,0,0,0,0,0
2026-03-20 06:00:00,34,12,14,31,14,16,22,9,17,20,9,0,20,9,11,13,0,10,15,3,2,1,2,0
2026-03-20 09:00:00,15,13,18,17,6,13,10,6,11,9,5,5,11,9,4,10,1,8,8,4,6,7,0,0
2026-03-20 12:00:00,15,15,16,11,13,8,9,5,8,9,10,12,6,8,4,10,8,15,6,6,9,5,3,2
2026-03-20 15:00:00,27,34,47,17,30,17,12,16,13,16,29,22,7,16,15,15,8,9,3,16,11,6,1,1
2026-03-20 18:00:00,4,8,9,7,15,16,10,13,6,3,8,9,4,3,5,7,5,7,2,9,7,0,1,2
2026-03-20 21:00:00,2,2,6,2,7,4,5,2,2,2,3,1,1,0,4,2,1,3,4,3,5,1,0,0
2026-03-21 00:00:00,3,2,1,2,6,2,0,1,2,1,1,1,0,0,3,2,0,0,0,0,2,0,0,0
2026-03-21 03:00:00,2,0,0,0,0,0,0,0,1,0,0,0,0,1,1,0,1,1,0,0,0,0,0,0
2026-03-21 06:00:00,5,4,1,2,11,6,3,3,3,5,0,1,2,0,1,0,0,4,0,0,1,1,1,0
2026-03-21 09:00:00,10,11,1,7,15,8,4,5,8,5,17,8,1,7,9,5,2,11,5,2,2,3,1,1
2026-03-21 12:00:00,14,15,19,19,20,19,6,3,10,10,4,10,7,12,11,12,2,22,4,13,10,5,0,3
2026-03-21 15:00:00,12,7,15,6,19,28,5,7,8,2,7,9,8,9,20,14,6,12,5,5,11,2,1,0
2026-03-21 18:00:00,11,7,11,13,12,18,3,3,6,1,4,8,3,4,8,8,2,8,3,9,8,1,3,3
2026-03-21 21:00:00,3,9,5,10,6,13,1,4,4,0,2,5,1,5,7,6,0,1,1,6,8,0,1,0
2026-03-22 00:00:00,6,5,4,1,3,6,1,0,3,0,1,6,0,0,12,7,0,2,6,2,0,0,0,0
2026-03-22 03:00:00,0,3,5,0,2,0,0,0,4,0,0,0,0,1,0,0,0,0,0,0,1,0,0,0
2026-03-22 06:00:00,2,0,3,23,1,8,3,0,17,1,3,1,3,2,2,1,0,8,2,0,3,1,1,2
2026-03-22 09:00:00,5,7,4,5,4,4,5,3,7,19,1,11,1,5,2,10,2,6,1,0,7,2,7,2
2026-03-22 12:00:00,11,6,10,12,16,12,6,4,14,2,1,4,1,2,10,7,3,5,2,3,5,0,2,3
2026-03-22 15:00:00,2,1,1,3,3,5,1,3,1,2,4,4,0,1,10,5,1,1,2,4,4,2,0,1
2026-03-22 18:00:00,3,3,3,0,8,5,1,1,2,1,3,2,1,0,1,1,3,0,0,1,3,1,1,1
2026-03-22 21:00:00,1,2,0,1,1,2,1,3,0,0,3,0,0,0,1,1,0,0,1,1,0,0,1,0
2026-03-23 00:00:00,0,0,0,1,2,1,0,0,0,0,0,0,1,0,0,0,0,1,0,0,0,0,0,0
2026-03-23 03:00:00,3,3,1,1,0,6,2,1,1,0,3,0,0,0,1,0,0,0,1,1,0,0,0,0
2026-03-23 06:00:00,59,29,15,43,10,11,25,23,17,23,16,0,21,13,10,9,0,11,20,4,2,2,8,2
2026-03-23 09:00:00,16,4,8,7,7,8,4,3,4,7,1,7,1,2,3,3,3,4,8,2,2,11,6,8
2026-03-23 12:00:00,10,11,11,8,14,6,6,6,4,10,7,4,2,5,5,8,10,7,7,5,3,6,7,7
2026-03-23 15:00:00,33,50,58,14,11,19,19,24,11,22,12,14,12,20,10,11,20,5,5,16,14,7,6,10
2026-03-23 18:00:00,9,18,14,10,14,9,4,9,9,2,7,6,4,8,7,10,6,1,8,11,8,5,12,5
2026-03-23 21:00:00,1,5,5,1,5,3,1,2,1,0,4,0,0,0,1,0,0,0,0,1,4,1,0,5
2026-03-24 00:00:00,1,0,0,0,1,1,0,0,0,0,0,0,0,0,1,0,0,1,0,0,0,0,0,0
2026-03-24 03:00:00,3,2,1,3,1,5,1,2,1,1,3,0,1,0,1,0,0,0,0,0,0,0,0,0
2026-03-24 06:00:00,59,45,25,48,16,19,42,21,19,27,14,5,32,17,16,11,0,20,24,9,2,6,6,2
2026-03-24 09:00:00,16,15,10,15,8,6,7,10,11,5,0,9,3,10,6,7,7,8,7,3,5,18,5,7
2026-03-24 12:00:00,13,10,13,11,6,8,15,6,4,4,4,5,7,4,3,6,9,8,5,11,8,11,8,5
2026-03-24 15:00:00,35,56,76,28,22,18,25,32,15,15,25,20,19,33,17,11,17,6,13,27,21,8,5,11
2026-03-24 18:00:00,13,22,10,9,17,10,13,12,7,2,10,11,2,15,11,8,12,9,4,10,11,4,9,9
2026-03-24 21:00:00,1,4,5,2,8,10,1,6,2,0,0,3,1,0,2,3,3,0,0,0,5,1,2,6
2026-03-25 00:00:00,0,0,0,0,0,2,1,0,0,1,0,0,0,0,0,0,0,0,0,0,0,1,0,0
2026-03-25 03:00:00,2,1,1,2,1,6,0,1,0,0,1,0,0,0,1,1,0,0,2,0,0,0,0,0
2026-03-25 06:00:00,75,46,16,62,12,26,51,23,29,30,15,5,38,18,9,11,0,16,22,9,8,10,4,1
2026-03-25 09:00:00,19,10,11,17,5,5,8,7,13,8,3,8,5,7,8,8,11,7,9,6,3,16,10,7
2026-03-25 12:00:00,8,15,14,12,11,9,9,7,3,0,5,10,13,7,4,2,13,3,9,12,11,14,6,13
2026-03-25 15:00:00,49,60,82,30,30,21,27,27,13,11,32,26,20,41,11,20,16,10,17,27,18,4,7,12
2026-03-25 18:00:00,7,13,9,5,16,11,8,20,9,13,7,12,5,8,18,8,15,6,3,13,10,10,13,12
2026-03-25 21:00:00,2,3,6,1,4,6,1,0,1,0,3,3,0,0,0,2,6,2,0,0,5,2,0,6
2026-03-26 00:00:00,0,3,0,0,4,4,0,2,0,1,1,2,0,0,0,0,1,0,0,1,0,0,1,0
2026-03-26 03:00:00,2,0,1,3,3,6,0,1,0,2,2,0,2,0,2,2,0,0,1,1,1,0,0,0
2026-03-26 06:00:00,64,40,14,50,18,18,37,19,23,25,17,12,36,16,23,12,1,18,31,8,2,6,5,0
2026-03-26 09:00:00,24,7,13,22,6,15,12,13,19,6,4,13,11,9,9,10,5,11,12,7,8,16,13,3
2026-03-26 12:00:00,21,12,17,13,10,12,7,7,8,8,4,14,6,6,8,3,15,3,5,8,6,14,8,13
2026-03-26 15:00:00,27,46,52,14,13,6,25,18,5,14,15,18,11,22,5,5,10,5,10,20,12,8,8,10
2026-03-26 18:00:00,4,6,5,1,2,3,0,2,1,1,2,5,1,2,2,2,1,1,0,3,3,1,1,1
2026-03-26 21:00:00,1,3,3,2,3,1,2,2,1,1,0,0,0,1,1,2,0,0,0,0,0,0,1,5
2026-03-27 00:00:00,0,0,1,0,0,1,0,0,0,0,0,0,0,0,0,1,0,0,0,0,1,0,0,0
2026-03-27 03:00:00,1,2,1,4,2,3,0,2,1,1,1,2,1,0,1,1,0,0,0,0,0,0,0,0
2026-03-27 06:00:00,25,14,9,28,8,13,18,10,14,13,9,4,16,3,12,10,0,5,17,2,3,2,5,3
2026-03-27 09:00:00,9,7,6,3,7,12,6,6,8,6,1,4,2,3,8,2,3,6,5,2,5,12,15,7
2026-03-27 12:00:00,10,19,19,13,11,10,8,5,9,3,5,11,1,7,1,2,9,6,7,4,6,11,10,9
2026-03-27 15:00:00,20,22,29,17,19,16,10,9,7,18,19,17,12,20,5,7,15,7,4,12,8,5,7,13
2026-03-27 18:00:00,10,5,11,7,19,13,2,8,8,5,9,2,2,3,3,3,5,3,4,5,8,5,4,9
2026-03-27 21:00:00,3,2,6,1,5,5,1,1,4,0,4,1,0,1,3,2,2,0,0,0,2,3,1,2
2026-03-28 00:00:00,1,0,0,0,1,1,1,0,0,0,2,0,0,1,1,1,0,1,0,0,3,0,1,0
2026-03-28 03:00:00,0,0,0,1,0,0,0,0,0,0,0,1,0,0,0,0,0,0,0,0,0,0,1,1
2026-03-28 06:00:00,3,0,9,2,8,5,1,2,0,0,0,2,2,2,4,0,0,1,2,1,0,1,1,1
2026-03-28 09:00:00,7,7,3,13,8,11,7,1,12,4,6,5,2,1,13,9,3,4,3,3,2,7,4,3
2026-03-28 12:00:00,11,10,8,19,16,19,4,7,10,4,6,10,0,3,9,9,8,10,1,3,9,6,14,5
2026-03-28 15:00:00,12,8,21,14,15,18,6,5,12,7,10,8,5,5,14,4,6,8,1,3,9,6,4,5
2026-03-28 18:00:00,8,1,9,5,5,7,2,2,8,1,7,3,2,2,6,7,6,5,5,2,8,2,5,6
2026-03-28 21:00:00,2,2,6,1,6,5,3,0,1,1,0,2,1,2,3,4,2,3,0,1,2,1,2,5
2026-03-29 00:00:00,0,2,1,2,3,4,1,0,0,0,1,0,0,0,1,2,1,0,1,1,2,1,0,2
2026-03-29 03:00:00,1,0,0,1,0,2,0,0,0,0,0,0,0,0,0,0,0,4,0,1,2,0,0,0
2026-03-29 06:00:00,0,1,1,2,6,5,0,2,1,0,2,2,0,0,4,1,0,1,0,1,0,1,2,0
2026-03-29 09:00:00,11,7,4,11,17,5,9,6,9,4,4,4,1,4,5,11,5,6,3,3,3,12,10,3
2026-03-29 12:00:00,11,8,8,11,14,20,6,3,11,5,12,5,3,1,11,10,7,15,1,4,9,6,4,5
2026-03-29 15:00:00,7,11,12,11,24,20,9,9,10,7,4,11,1,6,9,9,6,9,5,4,9,5,9,5
2026-03-29 18:00:00,10,8,4,5,10,7,4,2,5,2,3,7,1,1,7,9,6,2,6,3,6,5,4,5
2026-03-29 21:00:00,4,3,1,1,3,3,1,1,2,1,4,3,0,0,1,1,2,0,0,1,4,1,3,9
2026-03-30 00:00:00,0,0,1,1,0,0,0,0,0,1,0,1,0,0,0,0,0,2,0,2,1,0,1,0
2026-03-30 03:00:00,0,1,1,2,0,4,0,1,0,0,2,0,1,0,1,1,0,0,3,1,0,0,0,0
2026-03-30 06:00:00,46,33,19,54,9,12,26,11,24,22,13,9,25,9,12,14,0,26,26,7,1,5,7,3
2026-03-30 09:00:00,4,7,7,18,11,9,9,12,10,5,8,6,4,3,7,8,7,9,9,8,8,20,16,11
2026-03-30 12:00:00,12,14,10,9,16,6,14,8,14,8,8,7,7,6,4,6,10,7,6,3,12,7,10,11
2026-03-30 15:00:00,22,54,56,20,39,29,22,32,21,18,46,22,17,33,16,13,21,7,15,22,23,10,5,11
2026-03-30 18:00:00,15,17,17,15,27,24,5,6,13,5,7,17,8,11,8,17,16,8,7,9,17,11,13,10
2026-03-30 21:00:00,1,2,7,0,4,6,1,3,2,3,1,5,2,0,4,2,2,2,1,0,6,2,0,7
2026-03-31 00:00:00,0,0,0,0,0,0,0,0,1,0,0,0,0,0,0,0,2,1,0,1,0,0,0,0
2026-03-31 03:00:00,4,4,3,2,0,4,1,1,1,1,1,1,1,2,2,1,0,0,4,0,0,0,0,0
2026-03-31 06:00:00,68,39,14,57,19,20,47,30,31,27,17,6,34,8,20,13,0,27,28,14,2,4,7,2
2026-03-31 09:00:00,7,8,7,12,5,9,10,5,7,3,7,3,3,3,4,6,5,9,7,3,4,16,12,6
2026-03-31 12:00:00,12,8,18,7,7,4,10,5,5,3,4,6,3,6,1,5,10,2,4,8,6,6,5,10
2026-03-31 15:00:00,20,46,54,20,16,12,19,29,7,10,28,24,7,16,14,10,16,7,12,24,20,7,9,14
2026-03-31 18:00:00,8,8,10,4,15,8,6,5,2,5,7,8,2,7,4,5,7,2,2,5,6,1,10,9
2026-03-31 21:00:00,2,5,3,3,3,3,1,1,0,0,2,3,1,0,2,1,1,1,0,2,3,0,1,5
2026-04-01 00:00:00,0,0,0,0,2,0,0,0,0,0,1,0,0,0,0,0,0,1,0,0,1,0,0,2
2026-04-01 03:00:00,2,3,2,2,1,1,0,2,0,1,1,1,0,0,2,0,0,0,4,0,0,1,0,0
2026-04-01 06:00:00,54,35,22,53,14,22,36,19,29,24,9,7,32,7,11,9,0,12,27,6,2,11,7,2
2026-04-01 09:00:00,12,13,6,15,7,10,7,8,7,5,0,7,3,4,3,7,10,3,7,3,6,25,9,8
2026-04-01 12:00:00,10,14,10,10,4,4,2,2,6,5,2,6,4,1,4,3,11,5,4,5,6,15,9,9
2026-04-01 15:00:00,26,50,54,16,18,11,16,27,7,10,16,25,10,29,6,12,9,3,10,23,19,6,9,5
2026-04-01 18:00:00,15,17,10,5,11,7,11,8,8,2,5,10,1,6,7,7,17,4,2,7,6,3,7,7
2026-04-01 21:00:00,1,2,3,2,5,5,1,1,3,0,4,1,0,3,1,3,2,0,1,0,1,0,1,5
2026-04-02 00:00:00,0,0,0,0,0,1,0,0,1,0,0,0,0,0,0,0,0,0,0,0,1,0,0,0
2026-04-02 03:00:00,0,0,1,2,1,2,0,1,0,0,0,0,0,0,0,0,0,1,2,0,0,2,0,0
2026-04-02 06:00:00,35,16,12,28,7,11,20,14,17,20,6,3,13,4,8,8,1,11,13,7,1,3,5,0
2026-04-02 09:00:00,8,7,8,7,3,10,2,7,2,10,4,1,3,5,5,4,1,5,5,3,4,15,9,5
2026-04-02 12:00:00,7,9,11,7,7,6,7,11,4,2,3,5,3,3,3,4,6,3,4,3,2,9,3,11
2026-04-02 15:00:00,18,24,31,14,23,13,19,16,9,8,15,18,8,12,14,18,11,9,5,23,19,7,6,6
2026-04-02 18:00:00,6,18,8,9,11,13,3,8,2,3,7,7,6,5,11,9,13,2,4,8,3,3,7,8
2026-04-02 21:00:00,1,1,2,0,1,3,0,0,1,0,1,2,0,0,0,1,1,1,0,0,2,2,0,1
2026-04-03 00:00:00,0,1,1,0,0,0,1,0,0,0,0,0,0,0,0,0,1,0,0,1,3,0,0,0
2026-04-03 03:00:00,1,1,1,1,4,6,0,1,0,0,1,0,0,0,0,0,0,1,1,1,0,1,1,0
2026-04-03 06:00:00,17,7,4,16,16,12,10,8,14,6,2,1,10,6,8,7,0,14,7,3,1,8,3,3
2026-04-03 09:00:00,14,12,9,8,16,11,10,10,8,9,5,4,4,3,6,5,6,15,10,10,6,10,10,7
2026-04-03 12:00:00,8,17,18,16,12,14,8,9,20,9,18,14,5,3,5,10,15,9,6,7,10,15,4,10
2026-04-03 15:00:00,9,15,27,12,15,17,7,11,10,14,14,30,13,6,15,6,22,9,5,10,12,7,5,10
2026-04-03 18:00:00,7,5,12,6,16,8,2,4,9,2,6,5,2,3,8,11,7,5,2,1,7,7,6,9
2026-04-03 21:00:00,2,2,1,0,1,5,0,1,1,1,3,1,0,0,0,4,1,0,1,0,0,1,0,4
2026-04-04 00:00:00,0,1,0,2,1,4,0,0,1,0,1,2,0,0,0,0,0,0,1,0,1,0,0,1
2026-04-04 03:00:00,0,0,1,0,0,0,0,0,0,0,0,0,0,1,0,1,0,0,0,0,1,0,0,0
2026-04-04 06:00:00,2,1,0,2,4,4,1,0,0,0,0,0,0,0,1,0,0,0,0,0,0,0,1,0
2026-04-04 09:00:00,6,4,3,3,9,8,2,2,4,3,3,2,1,0,3,4,1,6,1,1,1,3,5,2
2026-04-04 12:00:00,4,10,6,12,17,13,6,6,7,3,2,7,2,3,3,4,9,10,2,2,5,5,3,5
2026-04-04 15:00:00,6,9,5,3,13,6,7,4,16,9,2,9,3,7,3,11,8,4,2,0,9,6,5,5
2026-04-04 18:00:00,3,2,4,4,7,3,4,0,6,3,5,7,3,1,6,4,5,3,0,2,6,5,7,1
2026-04-04 21:00:00,3,2,2,1,1,13,1,1,3,2,2,2,1,1,1,5,1,2,0,0,2,1,3,9
2026-04-05 00:00:00,1,0,1,1,4,3,0,0,0,1,1,0,0,0,0,1,1,0,0,0,2,1,0,1
2026-04-05 03:00:00,0,0,0,0,1,0,0,0,1,0,0,0,0,0,0,0,0,0,0,0,0,0,0,0
2026-04-05 06:00:00,1,1,0,1,6,2,1,0,0,0,1,0,0,0,5,1,0,2,0,1,1,2,2,0
2026-04-05 09:00:00,5,3,3,5,8,13,4,5,1,1,1,5,3,1,5,2,5,5,4,0,4,4,10,9
2026-04-05 12:00:00,3,12,7,14,8,12,3,2,8,4,3,5,0,2,7,5,9,5,3,4,8,12,5,5
2026-04-05 15:00:00,8,8,4,4,13,14,4,5,0,4,1,6,10,4,7,7,13,4,3,4,12,11,10,10
2026-04-05 18:00:00,6,7,0,13,10,15,1,3,5,2,3,7,1,1,6,4,9,3,6,3,1,7,2,2
2026-04-05 21:00:00,5,3,1,7,6,3,0,3,2,0,2,2,0,3,2,1,2,0,2,3,2,1,0,2
2026-04-06 00:00:00,0,0,0,1,2,1,0,0,0,0,0,1,0,0,0,0,0,0,0,0,0,0,0,0
2026-04-06 03:00:00,2,4,3,2,3,8,0,1,1,0,2,0,1,0,0,2,0,0,2,2,0,2,0,0
2026-04-06 06:00:00,52,28,15,41,10,8,21,20,15,24,10,4,22,12,7,6,0,16,24,4,2,7,6,0
2026-04-06 09:00:00,11,9,13,14,16,11,7,3,7,3,4,4,3,1,3,1,6,11,3,4,2,10,7,8
2026-04-06 12:00:00,17,13,19,8,3,8,11,6,12,3,3,4,3,4,3,4,11,5,4,3,4,5,7,8
2026-04-06 15:00:00,34,24,60,16,15,12,20,18,12,13,19,15,16,21,10,12,21,10,10,21,11,11,11,11
2026-04-06 18:00:00,11,17,16,6,11,12,8,12,5,9,9,12,3,5,12,9,17,2,4,12,4,8,9,12
2026-04-06 21:00:00,2,3,4,1,1,3,1,1,2,0,2,4,1,2,0,1,1,2,2,0,5,0,2,2
2026-04-07 00:00:00,0,0,0,0,0,0,0,0,0,0,0,0,0,0,0,0,2,1,0,0,0,0,0,0
2026-04-07 03:00:00,1,2,3,0,1,5,2,1,0,0,1,1,2,0,0,0,0,0,1,0,0,0,0,0
2026-04-07 06:00:00,58,36,26,48,16,14,36,20,24,29,21,3,23,11,17,8,1,13,26,8,4,7,5,0
2026-04-07 09:00:00,15,5,9,9,4,11,5,8,12,5,5,9,3,5,7,6,7,11,3,4,7,13,12,8
2026-04-07 12:00:00,10,13,9,14,4,7,12,7,8,7,4,11,3,3,5,4,10,5,4,3,5,7,9,7
2026-04-07 15:00:00,33,48,53,26,15,20,25,27,9,15,24,17,21,26,9,12,16,6,7,21,21,6,14,11
2026-04-07 18:00:00,12,16,23,6,12,5,5,5,3,3,5,14,1,11,9,4,11,4,3,7,4,6,14,11
2026-04-07 21:00:00,2,3,1,1,4,2,1,3,6,0,1,5,0,2,1,1,4,1,1,1,5,2,3,4
2026-04-08 00:00:00,2,0,0,0,1,0,0,0,0,0,1,2,0,0,0,2,1,0,0,0,0,0,0,1
2026-04-08 03:00:00,3,2,2,2,5,3,2,2,0,1,1,0,0,0,1,0,0,0,2,0,0,1,0,0
2026-04-08 06:00:00,60,32,21,41,13,12,34,27,33,31,12,8,34,12,12,6,1,18,16,6,3,12,7,3
2026-04-08 09:00:00,19,15,8,19,7,11,13,10,13,7,4,4,3,6,5,5,7,10,3,3,6,16,14,8
2026-04-08 12:00:00,13,15,24,19,12,12,11,12,9,5,6,9,9,5,4,5,9,11,6,4,12,6,6,14
2026-04-08 15:00:00,37,50,62,27,36,19,28,21,15,15,15,22,19,28,16,14,22,10,10,25,23,9,11,7
2026-04-08 18:00:00,17,18,13,9,28,18,8,13,10,3,8,17,10,12,9,5,18,4,4,9,7,10,10,12
2026-04-08 21:00:00,1,5,4,1,3,5,0,2,7,2,1,2,0,4,1,3,1,5,1,1,3,1,0,5
2026-04-09 00:00:00,1,1,1,0,0,0,0,0,0,1,1,1,1,0,0,0,0,0,0,0,0,0,0,0
2026-04-09 03:00:00,3,3,2,4,2,7,1,1,2,3,3,0,1,0,0,1,0,0,1,0,0,0,0,0
2026-04-09 06:00:00,79,41,20,59,15,18,47,29,32,30,12,6,32,13,22,7,1,15,32,12,3,6,9,1
2026-04-09 09:00:00,22,15,17,27,7,14,6,11,15,4,5,7,7,8,3,4,7,14,8,3,3,26,9,6
2026-04-09 12:00:00,17,16,31,17,6,13,11,11,11,10,6,6,6,5,5,11,11,9,7,8,11,15,9,4
2026-04-09 15:00:00,38,45,60,27,32,11,23,25,17,18,29,35,18,27,13,16,28,16,12,18,35,10,9,14
2026-04-09 18:00:00,18,18,11,8,11,17,8,5,11,6,10,9,5,5,12,4,15,4,8,10,5,8,9,11
2026-04-09 21:00:00,2,4,3,1,7,4,2,1,4,5,1,2,1,2,4,3,1,6,0,0,6,1,5,8
2026-04-10 00:00:00,2,0,1,0,0,1,0,0,1,0,1,0,0,0,0,4,0,0,0,0,0,0,0,2
2026-04-10 03:00:00,0,1,0,2,2,3,0,1,1,1,0,0,0,0,1,0,0,0,0,0,0,0,0,0
2026-04-10 06:00:00,13,11,10,23,11,9,22,9,5,19,7,3,8,7,9,7,2,8,7,2,0,6,6,1
2026-04-10 09:00:00,18,9,11,11,10,9,5,6,9,5,2,3,1,3,3,5,5,9,8,6,3,26,7,4
2026-04-10 12:00:00,8,16,17,13,14,16,10,7,17,5,8,14,5,7,9,6,21,5,6,8,13,8,5,10
2026-04-10 15:00:00,24,25,42,26,14,18,13,14,11,12,20,13,13,7,15,10,17,10,13,15,14,13,10,11
2026-04-10 18:00:00,12,13,14,5,10,8,2,12,13,6,6,18,4,5,11,5,10,10,5,8,7,3,7,7
2026-04-10 21:00:00,2,3,2,2,7,2,4,1,3,0,1,2,2,1,6,5,0,2,2,4,4,2,1,2
2026-04-11 00:00:00,3,1,1,0,4,7,0,0,4,0,1,1,0,0,2,1,0,0,2,1,4,0,0,1
2026-04-11 03:00:00,2,0,0,0,1,0,0,1,0,0,0,1,0,0,1,0,0,0,0,0,2,0,0,0
2026-04-11 06:00:00,1,10,2,5,12,7,4,3,0,2,0,3,2,3,8,2,3,2,4,0,0,5,2,0
2026-04-11 09:00:00,5,6,12,11,16,19,9,4,7,4,4,3,5,7,11,4,9,10,3,2,3,7,2,6
2026-04-11 12:00:00,11,8,5,14,25,19,3,5,8,10,5,7,0,3,14,12,9,9,1,7,8,14,6,10
2026-04-11 15:00:00,4,10,6,5,20,22,4,5,8,5,5,7,3,3,10,10,10,11,5,3,11,9,7,8
2026-04-11 18:00:00,2,7,9,1,12,6,5,4,1,3,7,4,2,1,5,14,7,7,2,6,9,3,7,5
2026-04-11 21:00:00,4,7,8,1,5,7,2,2,1,2,0,2,1,0,5,2,3,3,2,1,5,1,2,2
2026-04-12 00:00:00,3,1,0,4,1,8,1,1,1,0,2,1,1,1,1,4,1,2,0,0,3,0,1,0
2026-04-12 03:00:00,0,1,0,0,4,2,0,0,1,0,2,0,0,0,1,1,0,0,0,1,0,0,0,0
2026-04-12 06:00:00,3,2,2,2,7,7,0,2,0,0,1,0,1,3,3,5,0,2,1,0,1,2,4,0
2026-04-12 09:00:00,8,3,9,20,13,12,6,7,9,4,6,8,4,7,10,8,13,20,3,5,7,16,6,5
2026-04-12 12:00:00,7,15,13,8,23,12,3,3,5,8,6,5,2,5,8,11,5,17,6,3,16,11,13,15
2026-04-12 15:00:00,4,10,16,10,26,18,1,8,7,9,9,14,1,12,6,6,20,7,7,3,6,10,11,8
2026-04-12 18:00:00,8,3,7,9,19,16,3,6,8,1,3,3,5,2,7,1,11,5,1,1,4,13,6,7
2026-04-12 21:00:00,1,2,1,3,0,2,0,0,3,0,2,1,1,0,0,1,3,0,1,1,0,3,0,2
2026-04-13 00:00:00,0,0,0,0,0,1,0,0,2,0,0,0,0,0,0,1,0,0,0,0,0,0,0,0
2026-04-13 03:00:00,3,3,1,3,1,7,2,2,1,1,2,0,2,0,0,0,0,1,1,0,2,1,0,0
2026-04-13 06:00:00,66,37,22,54,19,17,29,25,26,28,12,4,26,13,16,10,0,11,33,11,1,12,7,3
2026-04-13 09:00:00,11,7,16,15,10,10,5,6,8,3,2,12,6,4,7,9,8,15,2,7,4,25,15,9
2026-04-13 12:00:00,10,21,19,19,17,19,7,6,12,6,8,14,2,5,4,14,18,7,2,3,9,19,16,22
2026-04-13 15:00:00,30,43,51,13,24,20,20,23,18,15,22,24,18,25,16,17,30,10,13,25,30,14,8,12
2026-04-13 18:00:00,10,10,9,11,23,23,8,8,9,2,10,10,8,7,10,11,11,5,6,11,6,4,10,7
2026-04-13 21:00:00,3,2,3,5,5,5,3,1,2,3,0,2,1,2,2,1,4,5,4,1,1,3,4,3
2026-04-14 00:00:00,0,1,1,0,0,4,0,1,3,0,0,0,0,0,0,0,2,0,0,0,1,0,0,0
2026-04-14 03:00:00,2,3,1,4,1,6,2,1,1,1,2,0,3,0,1,1,1,2,0,0,1,0,3,0
2026-04-14 06:00:00,48,40,19,42,13,16,36,22,22,18,11,4,21,14,12,9,0,13,25,6,4,9,5,3
2026-04-14 09:00:00,26,12,12,24,14,13,9,9,13,13,6,10,8,8,5,3,7,9,10,7,9,22,8,11
2026-04-14 12:00:00,16,12,23,18,12,8,7,9,11,16,19,14,5,9,1,8,23,13,9,5,14,21,15,7
2026-04-14 15:00:00,42,63,67,34,28,24,32,33,21,22,22,23,23,33,11,22,28,15,17,30,29,10,7,15
2026-04-14 18:00:00,10,10,7,7,18,19,12,12,5,6,16,3,7,6,10,12,14,8,3,5,6,8,11,11
2026-04-14 21:00:00,1,3,1,1,6,2,1,0,0,2,1,4,1,0,1,1,6,2,0,1,1,2,4,1
2026-04-15 00:00:00,0,0,0,0,1,1,0,0,1,0,0,1,0,0,0,0,1,0,0,0,0,0,0,0
2026-04-15 03:00:00,4,0,1,3,3,3,0,1,0,0,1,0,0,0,0,1,0,0,0,0,1,2,3,0
2026-04-15 06:00:00,72,29,18,48,14,17,30,16,25,20,10,8,24,9,16,12,0,14,26,10,5,13,2,2
2026-04-15 09:00:00,20,11,14,16,3,5,6,4,5,3,1,3,1,1,0,5,5,7,10,5,5,20,5,7
2026-04-15 12:00:00,20,17,14,19,5,9,9,13,6,7,8,3,5,9,3,7,24,11,13,14,15,17,12,10
2026-04-15 15:00:00,47,63,51,20,33,15,32,24,16,18,24,24,21,24,11,16,26,18,14,27,22,11,10,14
2026-04-15 18:00:00,9,11,12,4,16,10,6,9,7,3,3,11,0,6,10,8,19,6,5,12,6,18,10,4
2026-04-15 21:00:00,2,1,1,3,5,8,7,2,0,1,0,5,1,3,1,3,7,2,3,2,1,1,2,3
2026-04-16 00:00:00,0,0,0,0,1,0,0,0,1,0,2,1,0,0,1,1,0,0,0,0,0,0,0,0
2026-04-16 03:00:00,2,2,0,3,0,3,0,1,1,2,0,0,1,0,0,0,0,0,0,0,1,1,0,0
2026-04-16 06:00:00,66,41,22,50,16,19,33,27,29,27,9,6,29,15,16,10,0,23,22,11,2,6,7,1
2026-04-16 09:00:00,33,13,19,35,7,18,13,17,6,9,6,12,4,2,6,6,6,11,13,6,7,26,9,7
2026-04-16 12:00:00,11,16,18,8,10,13,7,7,6,7,5,6,8,5,2,2,11,8,4,13,14,21,9,13
2026-04-16 15:00:00,44,48,57,25,30,22,36,36,11,21,26,19,13,33,14,21,21,16,19,25,31,9,14,14
2026-04-16 18:00:00,12,15,9,2,24,16,11,15,9,3,7,11,4,7,11,12,17,7,11,5,6,5,13,14
2026-04-16 21:00:00,5,1,3,3,6,6,1,3,2,0,1,2,0,1,2,3,8,0,2,6,4,4,3,5
2026-04-17 00:00:00,2,0,0,1,1,1,1,1,0,0,0,0,0,0,0,1,1,2,1,0,2,0,0,0
2026-04-17 03:00:00,2,3,2,3,4,4,2,0,0,1,0,2,1,0,1,0,0,0,0,0,0,1,3,0
2026-04-17 06:00:00,37,14,14,41,16,19,23,15,16,25,17,6,19,17,11,4,3,14,19,1,5,11,8,1
2026-04-17 09:00:00,13,15,16,14,15,16,9,11,15,6,3,7,7,8,6,9,8,9,4,9,4,24,10,10
2026-04-17 12:00:00,15,13,21,16,24,15,11,13,11,11,11,8,9,6,7,4,14,19,4,3,18,9,13,20
2026-04-17 15:00:00,22,42,39,28,31,25,27,21,13,23,24,24,18,17,16,17,23,18,12,21,22,14,13,11
2026-04-17 18:00:00,16,13,6,9,17,12,8,8,6,9,15,6,4,8,8,8,18,10,4,6,6,5,10,10
2026-04-17 21:00:00,0,1,1,1,2,0,1,0,0,3,2,0,1,0,5,1,0,0,0,0,1,4,6,2
2026-04-18 00:00:00,1,0,0,2,0,2,0,0,0,0,0,0,0,0,2,2,1,1,0,1,0,0,1,2
2026-04-18 03:00:00,1,0,0,0,0,0,0,0,1,0,0,2,1,0,0,0,0,0,0,0,0,1,0,0
2026-04-18 06:00:00,0,3,1,3,7,9,6,0,2,1,0,2,0,1,3,1,0,2,3,1,1,1,2,0
2026-04-18 09:00:00,9,8,5,9,15,10,3,6,5,4,5,8,4,3,16,6,6,6,3,4,2,11,9,6
2026-04-18 12:00:00,10,10,5,14,20,16,9,4,16,6,4,10,1,5,3,11,10,8,0,1,19,12,10,6
2026-04-18 15:00:00,12,14,16,13,18,15,7,8,6,5,3,16,7,0,11,14,10,7,3,8,7,11,7,8
2026-04-18 18:00:00,6,9,4,9,8,9,5,4,6,7,2,6,2,4,12,11,6,6,2,3,6,8,10,10
2026-04-18 21:00:00,2,3,4,1,5,2,1,1,1,0,4,12,0,1,2,4,2,0,2,0,2,1,1,6
2026-04-19 00:00:00,1,3,1,0,2,1,1,0,3,0,3,4,0,0,1,3,0,0,1,1,0,0,1,1
2026-04-19 03:00:00,0,1,2,0,2,1,0,0,0,0,0,1,0,0,0,0,0,1,0,0,1,0,0,2
2026-04-19 06:00:00,2,2,1,1,4,7,3,2,1,1,1,3,2,0,2,0,0,5,0,0,1,1,5,0
2026-04-19 09:00:00,9,9,8,3,8,15,5,3,5,5,2,4,3,2,7,3,5,12,8,1,1,6,11,7
2026-04-19 12:00:00,9,8,9,4,11,8,5,3,8,5,1,8,0,1,5,6,14,8,6,7,5,18,10,11
2026-04-19 15:00:00,5,5,8,12,14,7,5,4,11,5,4,20,5,3,7,6,12,6,2,4,8,9,7,7
2026-04-19 18:00:00,2,3,2,2,4,7,3,6,9,1,5,4,3,0,6,1,12,3,1,3,3,7,10,7
2026-04-19 21:00:00,3,4,1,2,2,5,0,0,1,1,1,0,0,1,1,1,1,0,0,0,2,0,0,8
2026-04-20 00:00:00,0,0,0,1,0,1,1,0,0,0,1,1,0,0,0,1,1,1,0,0,0,0,0,0
2026-04-20 03:00:00,3,2,2,3,1,6,1,1,1,0,0,2,4,0,0,1,0,0,1,0,0,0,0,0
2026-04-20 06:00:00,67,35,15,49,15,14,31,25,18,25,19,3,31,12,10,9,0,16,23,6,5,8,9,2
2026-04-20 09:00:00,19,7,17,17,8,7,6,7,10,9,1,5,3,2,6,3,8,7,11,4,3,14,11,9
2026-04-20 12:00:00,10,15,18,11,11,8,7,8,9,6,8,4,4,9,5,5,14,9,7,7,8,7,10,19
2026-04-20 15:00:00,42,61,64,19,22,24,32,37,9,21,24,15,11,30,11,14,19,9,8,22,28,9,10,15
2026-04-20 18:00:00,16,21,16,3,16,9,4,12,6,2,12,8,5,8,6,10,15,6,8,13,13,7,8,6
2026-04-20 21:00:00,3,1,2,0,3,4,0,3,1,2,0,3,4,1,0,6,1,2,1,0,4,1,0,5
2026-04-21 00:00:00,0,0,0,0,1,0,0,0,1,0,0,1,0,0,0,1,0,0,0,0,0,0,0,2
2026-04-21 03:00:00,3,3,1,3,1,8,2,2,0,0,1,0,2,1,2,1,0,0,1,0,0,1,0,0
2026-04-21 06:00:00,95,60,31,73,16,25,48,31,27,28,20,8,44,17,13,14,0,15,32,10,2,16,5,1
2026-04-21 09:00:00,23,11,9,32,8,8,17,11,17,5,9,6,5,11,5,1,9,15,11,2,11,11,5,4
2026-04-21 12:00:00,13,13,25,16,11,14,3,6,7,11,9,9,2,9,4,10,7,11,6,5,7,12,13,15
2026-04-21 15:00:00,46,60,73,37,30,16,30,26,16,15,23,18,28,39,10,15,21,14,14,27,22,8,8,12
2026-04-21 18:00:00,13,14,18,4,22,16,9,17,13,2,7,17,11,12,12,6,19,9,8,17,12,4,13,10
2026-04-21 21:00:00,3,3,3,1,7,4,2,1,0,1,0,3,0,2,3,7,8,1,1,4,6,2,2,1
2026-04-22 00:00:00,0,0,1,0,0,0,0,2,1,0,0,2,0,0,0,0,0,0,1,0,0,0,0,0
2026-04-22 03:00:00,4,2,2,4,0,8,1,3,0,1,1,0,1,0,0,1,0,0,1,0,0,1,0,0
2026-04-22 06:00:00,105,45,31,62,20,24,52,26,40,27,22,5,41,19,21,15,0,22,39,19,5,15,8,2
2026-04-22 09:00:00,20,16,19,33,9,8,7,11,9,5,9,7,12,9,5,5,9,12,8,6,5,17,12,9
2026-04-22 12:00:00,19,22,22,17,19,14,12,13,10,6,9,15,3,8,2,5,10,10,12,18,10,12,5,13
2026-04-22 15:00:00,49,71,73,23,30,10,28,26,16,24,32,21,28,49,16,25,22,18,16,28,36,9,11,14
2026-04-22 18:00:00,16,27,17,7,17,17,11,14,16,8,9,13,8,7,15,20,8,11,6,8,12,5,6,6
2026-04-22 21:00:00,2,2,2,0,4,0,1,6,0,4,4,3,0,0,0,1,5,1,0,0,5,4,3,6
2026-04-23 00:00:00,1,1,1,0,1,1,0,0,0,0,1,1,0,0,0,1,0,0,1,0,0,1,1,1
2026-04-23 03:00:00,5,3,1,3,1,10,1,2,0,0,1,0,1,2,1,1,0,0,0,1,0,0,0,0
2026-04-23 06:00:00,92,44,29,57,21,21,50,26,38,37,17,4,40,18,21,14,1,19,33,16,4,11,5,2
2026-04-23 09:00:00,22,10,20,27,12,18,6,13,8,8,12,12,6,14,5,7,6,13,10,7,9,18,11,6
2026-04-23 12:00:00,17,13,37,21,15,12,16,11,11,6,16,9,10,10,5,5,18,14,8,8,11,12,8,9
2026-04-23 15:00:00,41,69,81,30,37,26,37,29,16,19,26,23,24,46,14,26,27,9,14,22,27,11,9,9
2026-04-23 18:00:00,15,19,16,9,20,26,10,23,17,2,11,17,7,12,13,14,17,15,5,8,9,7,7,7
2026-04-23 21:00:00,4,3,5,1,14,5,4,3,4,2,3,5,6,1,7,7,5,8,4,3,6,3,4,4
2026-04-24 00:00:00,2,3,0,0,2,5,0,0,0,0,0,1,1,0,1,2,2,0,0,1,0,1,0,2
2026-04-24 03:00:00,0,2,0,5,0,5,0,0,0,1,0,0,2,1,0,0,0,0,1,0,0,1,0,0
2026-04-24 06:00:00,46,15,17,34,21,21,32,17,25,22,18,5,22,9,14,8,1,14,21,6,7,10,9,3
2026-04-24 09:00:00,24,8,12,20,15,11,10,15,13,8,8,7,6,9,5,10,12,14,11,9,3,21,3,5
2026-04-24 12:00:00,17,21,17,24,17,21,16,9,8,19,18,9,12,5,5,4,26,13,5,17,9,13,6,12
2026-04-24 15:00:00,22,40,43,12,27,20,22,22,24,21,27,21,11,25,14,21,16,18,12,28,22,12,11,14
2026-04-24 18:00:00,8,11,12,20,21,13,8,14,11,2,6,5,4,10,16,14,17,8,7,5,12,6,6,3
2026-04-24 21:00:00,7,7,5,0,8,14,1,6,3,1,0,1,2,5,5,2,4,7,1,0,9,5,2,4
2026-04-25 00:00:00,0,0,1,3,4,7,1,2,0,1,3,1,1,1,2,5,0,0,3,0,1,0,1,2
2026-04-25 03:00:00,0,0,0,0,0,3,0,0,1,0,0,0,0,0,0,0,0,0,0,0,0,1,0,0
2026-04-25 06:00:00,4,4,2,2,10,7,0,0,3,2,0,5,3,6,6,0,1,0,1,1,1,3,4,0
2026-04-25 09:00:00,8,11,4,11,17,12,5,8,4,5,2,5,4,7,9,10,9,8,5,2,6,14,9,3
2026-04-25 12:00:00,14,12,16,14,24,11,5,8,8,7,11,10,3,2,9,8,13,28,3,3,10,8,13,10
2026-04-25 15:00:00,8,7,8,7,24,14,11,8,10,2,5,3,3,8,15,3,8,7,3,2,13,5,9,10
2026-04-25 18:00:00,5,5,9,8,4,8,2,4,1,3,5,1,2,2,8,5,8,6,5,5,7,2,3,10
2026-04-25 21:00:00,4,4,5,4,7,4,1,3,2,2,2,0,0,1,1,3,0,5,0,0,5,2,3,1
2026-04-26 00:00:00,4,2,0,1,5,2,2,0,2,0,2,2,0,0,2,3,0,0,3,0,1,1,2,2
2026-04-26 03:00:00,0,0,0,0,0,4,0,1,0,0,0,0,2,0,0,0,1,0,0,0,0,0,0,0
2026-04-26 06:00:00,3,2,1,1,6,5,3,1,0,0,0,1,4,0,4,1,0,5,1,1,1,2,0,0
2026-04-26 09:00:00,4,5,8,4,14,17,8,7,9,4,4,6,4,2,5,11,7,3,2,3,4,13,8,4
2026-04-26 12:00:00,10,12,12,10,14,15,5,4,11,9,4,6,4,2,8,8,10,3,0,4,7,10,5,8
2026-04-26 15:00:00,17,14,6,9,16,17,4,4,13,8,14,8,8,3,14,11,13,12,1,2,11,13,5,9
2026-04-26 18:00:00,2,2,3,9,16,13,4,9,4,2,2,3,7,4,5,8,13,3,5,3,6,4,5,10
2026-04-26 21:00:00,4,3,2,2,6,0,0,0,2,0,1,1,1,0,2,3,3,1,2,2,1,4,2,3
2026-04-27 00:00:00,0,1,0,0,1,1,0,0,4,0,0,0,0,0,0,1,0,0,0,0,0,0,0,1
2026-04-27 03:00:00,3,3,2,4,2,10,3,1,0,2,1,1,2,0,0,2,0,0,0,0,0,0,1,0
2026-04-27 06:00:00,70,33,26,57,9,21,36,22,30,31,22,6,31,12,16,14,1,15,33,8,6,10,9,3
2026-04-27 09:00:00,14,10,6,10,4,11,5,5,6,6,5,4,3,2,3,1,9,5,6,4,6,13,6,6
2026-04-27 12:00:00,5,7,2,6,3,2,4,4,1,2,3,2,4,1,0,2,5,2,3,2,3,7,4,8
2026-04-27 15:00:00,36,55,53,15,25,17,24,26,9,16,20,23,16,25,11,13,20,3,15,34,18,8,11,7
2026-04-27 18:00:00,12,8,4,6,9,12,5,8,4,0,5,5,2,6,1,2,9,5,2,6,5,3,3,7
2026-04-27 21:00:00,1,6,2,0,3,3,1,0,0,3,1,3,1,0,0,4,0,1,0,0,8,0,3,4
2026-04-28 00:00:00,0,0,1,0,1,0,0,0,1,0,1,0,0,0,0,0,1,1,0,0,0,0,0,1
2026-04-28 03:00:00,2,3,2,4,1,10,3,1,0,2,2,0,1,2,0,1,0,0,1,0,0,0,0,0
2026-04-28 06:00:00,94,42,27,60,16,23,47,25,40,36,23,10,32,15,17,18,0,14,37,15,8,6,8,1
2026-04-28 09:00:00,18,15,17,22,9,9,15,6,15,11,5,8,14,6,6,4,12,8,11,9,6,20,9,4
2026-04-28 12:00:00,23,21,30,21,13,10,10,5,9,8,12,8,6,7,5,8,14,10,6,3,11,21,10,13
2026-04-28 15:00:00,51,57,58,30,29,28,22,38,11,15,22,25,16,40,20,20,35,14,18,28,25,13,4,9
2026-04-28 18:00:00,16,15,10,9,16,18,9,14,8,11,7,14,7,9,6,10,16,5,7,13,12,7,14,8
2026-04-28 21:00:00,2,5,1,2,8,10,3,4,9,4,2,4,0,1,4,5,2,1,2,3,6,2,3,4
2026-04-29 00:00:00,0,1,0,0,2,0,1,1,1,0,0,0,0,0,0,0,0,0,0,0,0,0,0,1
2026-04-29 03:00:00,1,3,2,4,2,3,0,1,1,0,3,0,2,1,0,0,0,0,1,0,0,0,2,0
2026-04-29 06:00:00,90,42,20,68,18,26,50,30,32,36,19,4,31,17,9,10,0,21,36,13,2,12,4,2
2026-04-29 09:00:00,26,12,14,34,7,13,13,8,10,10,4,11,6,6,7,5,13,17,12,8,10,21,10,7
2026-04-29 12:00:00,14,17,17,11,11,13,8,7,6,6,7,8,8,4,4,2,11,12,10,9,7,13,10,12
2026-04-29 15:00:00,40,61,64,30,14,20,37,37,12,19,23,24,22,32,22,24,26,8,18,37,22,10,11,11
2026-04-29 18:00:00,19,18,12,7,20,17,11,16,8,5,8,2,7,16,13,13,8,4,2,18,11,8,10,8
2026-04-29 21:00:00,6,3,7,4,6,4,3,2,3,1,1,4,0,1,2,1,2,0,2,4,9,2,3,4
2026-04-30 00:00:00,0,0,0,0,0,1,0,0,2,0,0,0,0,0,0,1,1,0,0,0,1,0,0,0
2026-04-30 03:00:00,2,1,2,3,0,6,1,2,0,2,3,0,1,0,2,0,0,1,0,0,1,1,0,0
2026-04-30 06:00:00,81,51,23,68,18,14,48,32,28,39,18,4,46,16,22,10,0,15,36,13,5,12,1,0
2026-04-30 09:00:00,23,18,17,19,8,13,12,7,12,8,6,8,10,9,5,8,9,14,13,4,6,25,5,11
2026-04-30 12:00:00,19,16,19,19,23,15,12,8,13,8,8,14,4,7,4,7,11,11,7,6,12,9,12,10
2026-04-30 15:00:00,48,50,61,18,27,18,24,29,17,14,25,19,17,27,11,14,20,8,14,22,22,13,9,14
2026-04-30 18:00:00,5,13,15,7,11,10,4,7,2,3,3,5,2,2,6,7,4,4,4,7,5,4,6,7
2026-04-30 21:00:00,3,3,4,1,1,3,0,1,1,0,1,1,0,1,1,0,3,0,1,2,2,0,1,2
2026-05-01 00:00:00,0,0,0,0,1,0,0,0,0,0,0,0,0,0,0,0,2,1,1,0,0,0,0,1
2026-05-01 03:00:00,1,2,1,1,1,2,0,0,1,1,1,0,0,0,0,1,0,0,1,1,0,0,1,0
2026-05-01 06:00:00,35,13,15,28,19,16,23,16,10,19,10,4,19,13,15,11,0,12,11,2,0,8,9,0
2026-05-01 09:00:00,16,9,15,12,10,8,7,5,9,5,1,10,4,6,5,5,9,13,6,5,7,13,5,4
2026-05-01 12:00:00,5,10,20,26,16,12,11,8,8,4,5,11,7,5,6,4,15,6,7,10,9,13,7,8
2026-05-01 15:00:00,21,45,43,18,25,16,10,18,9,15,13,17,12,13,12,17,24,8,6,16,16,6,9,11
2026-05-01 18:00:00,6,8,6,8,9,15,5,8,11,0,7,5,2,4,9,11,11,12,4,8,8,7,9,7
2026-05-01 21:00:00,7,5,6,2,8,8,1,1,1,3,4,0,0,0,5,1,1,2,0,2,2,3,4,3
2026-05-02 00:00:00,3,0,0,2,6,9,3,1,1,1,2,0,1,1,0,1,1,0,2,1,2,0,0,1
2026-05-02 03:00:00,0,0,0,0,0,0,0,1,0,1,0,0,0,0,0,0,0,0,0,0,0,0,1,0
2026-05-02 06:00:00,4,2,5,3,6,12,2,2,1,1,1,2,1,2,3,1,0,2,2,0,3,4,5,2
2026-05-02 09:00:00,8,12,3,5,16,18,10,11,5,6,2,7,4,4,10,7,5,11,5,2,5,6,11,4
2026-05-02 12:00:00,11,8,5,8,23,15,6,3,13,6,3,5,5,4,14,14,13,14,0,8,12,11,3,6
2026-05-02 15:00:00,12,13,12,6,21,17,4,5,9,7,7,13,4,3,6,16,13,17,8,5,9,6,8,9
2026-05-02 18:00:00,5,9,2,12,6,4,5,8,9,4,1,7,1,3,5,12,10,13,2,3,9,2,8,7
2026-05-02 21:00:00,5,4,7,4,7,6,2,2,2,2,1,4,0,0,2,4,0,2,3,1,5,2,0,2
2026-05-03 00:00:00,1,4,3,3,8,1,3,1,2,0,2,0,0,1,0,2,0,0,2,0,4,1,2,0
2026-05-03 03:00:00,0,0,0,0,1,0,0,0,0,0,0,0,0,0,1,1,0,0,0,0,0,0,0,0
2026-05-03 06:00:00,2,2,0,2,4,8,3,3,1,2,0,0,1,0,5,1,1,4,0,2,1,1,2,0
2026-05-03 09:00:00,4,13,6,7,18,17,7,1,9,5,9,10,2,2,8,10,4,6,6,1,6,14,4,1
2026-05-03 12:00:00,13,12,5,4,18,20,5,7,6,5,8,5,3,2,14,9,13,8,2,5,11,14,6,10
2026-05-03 15:00:00,8,8,11,11,19,18,6,12,9,6,6,9,3,5,5,11,13,8,3,5,11,5,8,10
2026-05-03 18:00:00,6,6,14,7,8,8,5,2,3,7,8,6,3,1,4,1,11,5,5,2,7,13,7,6
2026-05-03 21:00:00,2,3,1,4,4,3,2,0,0,1,8,2,0,1,1,3,3,3,2,0,2,0,0,1
2026-05-04 00:00:00,0,0,0,1,2,1,0,0,1,0,0,0,1,0,0,1,0,1,0,0,1,0,0,1
2026-05-04 03:00:00,3,1,1,2,5,6,1,2,0,2,2,2,2,0,1,0,0,1,1,0,1,1,2,0
2026-05-04 06:00:00,64,42,21,64,17,21,30,18,32,34,28,5,26,15,13,9,1,22,27,16,4,5,8,2
2026-05-04 09:00:00,18,8,16,21,8,20,11,6,9,6,5,2,7,8,4,8,11,15,7,3,4,20,8,6
2026-05-04 12:00:00,15,19,22,16,13,11,14,11,10,15,7,17,6,10,5,5,16,11,15,6,6,13,9,15
2026-05-04 15:00:00,37,53,59,31,32,23,20,27,15,20,30,30,14,37,16,15,27,10,12,23,17,12,19,18
2026-05-04 18:00:00,7,15,13,7,14,11,4,6,8,8,10,9,5,10,12,7,8,4,2,6,6,5,13,7
2026-05-04 21:00:00,3,2,3,3,7,5,1,2,3,2,1,1,1,0,0,5,3,2,4,2,6,2,2,7
2026-05-05 00:00:00,0,0,0,0,1,0,1,1,0,0,0,0,1,0,0,1,2,0,0,0,2,0,1,0
2026-05-05 03:00:00,3,3,3,3,3,6,0,2,0,0,2,1,1,0,0,1,1,0,1,1,0,2,0,0
2026-05-05 06:00:00,47,23,11,34,12,11,25,13,15,18,15,4,20,9,13,8,1,6,15,1,2,6,3,0
2026-05-05 09:00:00,29,15,13,13,7,14,16,7,11,8,8,4,11,9,2,5,5,12,7,2,3,20,15,9
2026-05-05 12:00:00,17,9,24,13,15,11,15,10,13,6,8,9,4,7,10,10,11,9,5,4,6,7,10,14
2026-05-05 15:00:00,45,48,62,27,29,27,22,32,12,17,26,26,23,37,16,17,30,17,17,21,17,12,14,17
2026-05-05 18:00:00,12,14,11,6,15,11,6,8,9,7,7,5,6,7,10,5,18,5,8,7,9,7,11,12
2026-05-05 21:00:00,0,5,6,5,5,1,1,5,0,3,1,2,1,1,1,3,8,2,0,2,5,2,6,4
2026-05-06 00:00:00,0,1,1,2,1,0,0,0,1,0,0,0,0,0,2,0,0,0,0,0,0,0,1,1
2026-05-06 03:00:00,1,2,2,3,1,6,0,1,0,1,1,1,3,0,0,0,0,1,1,2,0,2,0,0
2026-05-06 06:00:00,82,60,26,62,23,27,53,32,26,31,23,5,32,19,28,12,1,16,28,13,7,16,6,2
2026-05-06 09:00:00,21,15,9,30,2,10,14,9,12,11,2,6,8,11,5,11,9,13,12,5,5,11,12,13
2026-05-06 12:00:00,11,14,19,15,10,9,9,1,9,7,6,12,6,4,8,6,18,4,8,8,7,13,4,13
2026-05-06 15:00:00,37,74,78,29,31,30,21,30,12,27,34,29,21,40,12,16,19,10,16,23,21,11,8,8
2026-05-06 18:00:00,15,21,13,12,29,12,5,12,8,10,14,13,8,6,12,10,23,4,11,8,11,9,19,18
2026-05-06 21:00:00,3,6,2,2,2,6,1,2,3,4,0,4,0,2,5,3,2,2,0,2,3,2,10,12
2026-05-07 00:00:00,2,1,0,0,3,3,0,0,1,0,0,0,0,0,0,0,0,0,0,0,1,1,0,0
2026-05-07 03:00:00,2,1,1,5,3,6,1,2,0,2,2,3,1,0,1,0,0,0,0,1,0,0,0,0
2026-05-07 06:00:00,87,52,28,55,21,27,45,20,37,36,23,7,37,20,18,17,2,20,24,10,4,9,9,2
2026-05-07 09:00:00,39,12,21,28,12,16,10,12,18,9,5,8,8,8,10,14,11,11,12,4,6,18,8,5
2026-05-07 12:00:00,20,28,19,15,14,9,14,11,11,6,11,7,9,10,3,6,8,8,9,10,6,14,12,10
2026-05-07 15:00:00,44,63,49,35,22,15,18,26,12,17,19,28,12,28,11,11,25,7,9,20,15,10,8,11
2026-05-07 18:00:00,12,19,15,12,22,17,6,15,14,9,6,16,9,7,16,16,15,6,4,11,9,7,14,15
2026-05-07 21:00:00,5,9,4,2,10,6,4,1,9,2,4,2,0,0,2,6,4,1,0,2,7,4,3,10
2026-05-08 00:00:00,1,0,0,0,2,1,0,1,1,0,0,0,0,0,1,0,2,0,1,0,1,0,1,0
2026-05-08 03:00:00,2,0,1,3,5,8,2,2,0,1,0,2,1,2,0,0,0,1,0,1,1,0,1,0
2026-05-08 06:00:00,53,14,22,40,24,24,26,12,16,21,8,6,19,12,14,8,2,17,19,3,7,19,10,1
2026-05-08 09:00:00,15,19,14,18,14,11,12,10,13,10,5,12,9,17,4,6,6,17,13,5,7,15,8,9
2026-05-08 12:00:00,12,13,16,17,17,21,14,11,13,12,12,13,10,13,9,14,22,8,11,10,15,17,9,17
2026-05-08 15:00:00,19,45,49,21,26,33,17,23,22,18,22,19,22,19,15,23,27,14,10,19,27,16,4,8
2026-05-08 18:00:00,19,15,7,18,11,23,6,8,4,12,7,16,7,12,8,10,18,4,9,9,15,9,7,7
2026-05-08 21:00:00,5,4,4,0,9,6,2,4,0,0,4,4,1,3,7,4,2,1,5,1,6,3,1,1
2026-05-09 00:00:00,2,3,6,6,9,3,0,0,2,1,3,0,0,1,0,2,2,2,0,1,4,0,0,1
2026-05-09 03:00:00,0,0,1,0,0,1,0,0,0,0,2,0,0,0,0,1,0,1,0,0,0,0,0,0
2026-05-09 06:00:00,3,4,6,5,9,13,5,9,6,2,1,9,4,6,5,1,0,9,6,2,1,3,8,1
2026-05-09 09:00:00,16,13,10,18,23,17,8,7,17,8,7,4,6,11,11,13,9,10,3,2,12,13,5,4
2026-05-09 12:00:00,14,13,17,36,32,30,6,7,17,7,12,10,9,5,13,10,17,15,7,6,15,8,11,8
2026-05-09 15:00:00,22,11,12,18,23,25,6,9,13,10,7,10,9,9,3,9,18,22,5,2,10,10,13,13
2026-05-09 18:00:00,8,18,17,3,16,14,4,2,13,4,6,6,8,1,8,6,14,10,2,5,10,5,8,8
2026-05-09 21:00:00,8,13,9,8,8,9,0,2,3,3,4,3,2,3,4,4,5,4,1,1,10,1,0,9
2026-05-10 00:00:00,1,1,1,0,2,1,0,0,1,5,0,1,0,0,1,1,2,1,1,0,5,2,0,1
2026-05-10 03:00:00,0,1,0,1,0,0,0,0,0,0,0,1,0,0,0,1,0,1,0,0,1,0,0,0
2026-05-10 06:00:00,4,4,5,1,11,6,2,2,4,2,0,3,0,1,4,3,0,7,2,3,3,3,3,1
2026-05-10 09:00:00,12,8,7,7,15,7,4,3,13,1,5,9,2,11,4,9,7,13,6,4,4,7,14,9
2026-05-10 12:00:00,19,18,10,5,12,14,4,3,7,2,6,9,6,7,13,9,7,9,7,7,11,10,10,10
2026-05-10 15:00:00,9,10,8,8,8,17,4,1,9,5,5,10,4,6,4,6,9,7,2,2,7,13,15,9
2026-05-10 18:00:00,9,5,6,5,11,10,4,4,5,3,5,8,5,3,4,11,8,9,2,3,12,4,2,5
2026-05-10 21:00:00,1,7,0,3,4,4,1,1,3,3,2,1,1,3,6,3,3,5,1,5,4,3,5,5
2026-05-11 00:00:00,1,0,1,1,3,0,0,0,2,0,0,1,0,1,0,1,0,1,0,1,0,0,2,0
2026-05-11 03:00:00,1,2,1,6,3,5,0,0,0,1,1,1,3,0,0,0,0,0,1,0,1,0,0,0
2026-05-11 06:00:00,81,52,17,60,22,17,44,27,23,28,23,9,25,14,15,7,1,13,33,8,2,14,8,5
2026-05-11 09:00:00,13,11,16,11,5,6,8,8,17,4,4,8,11,7,3,2,13,8,6,4,4,13,8,2
2026-05-11 12:00:00,17,15,19,15,7,5,12,10,10,4,6,10,9,6,5,2,8,3,1,4,12,14,9,16
2026-05-11 15:00:00,36,52,58,20,30,20,25,21,15,21,26,23,24,33,13,11,31,12,11,22,26,6,13,15
2026-05-11 18:00:00,23,16,12,6,18,12,8,12,5,6,9,13,2,7,8,11,17,3,3,3,7,4,11,13
2026-05-11 21:00:00,7,4,2,1,8,3,1,2,3,4,2,4,0,1,1,0,2,2,2,0,1,0,5,8
2026-05-12 00:00:00,0,0,1,0,0,2,0,0,0,0,0,1,0,0,0,1,0,1,0,0,1,0,1,2
2026-05-12 03:00:00,0,2,1,6,5,7,2,1,0,2,1,0,1,0,1,1,0,1,1,1,0,0,0,0
2026-05-12 06:00:00,87,54,23,65,25,28,41,26,31,46,26,6,51,17,19,10,1,24,28,10,4,5,6,4
2026-05-12 09:00:00,24,12,27,34,13,12,11,9,11,10,10,10,8,8,7,4,10,3,6,4,3,27,9,8
2026-05-12 12:00:00,27,20,16,11,9,8,11,9,10,8,9,9,6,8,6,7,20,14,9,6,10,20,9,9
2026-05-12 15:00:00,25,43,48,19,18,16,16,22,12,11,30,18,14,19,8,11,17,9,9,15,14,8,3,12
2026-05-12 18:00:00,26,19,19,10,19,20,5,16,11,6,9,10,5,20,12,8,14,7,3,9,8,13,8,5
2026-05-12 21:00:00,3,6,4,2,6,7,3,3,3,0,1,5,1,1,4,6,4,1,0,3,5,1,8,9
2026-05-13 00:00:00,0,0,0,1,0,4,0,0,4,0,0,1,0,1,0,2,0,0,0,1,1,0,0,0
2026-05-13 03:00:00,1,4,1,5,2,10,0,3,0,1,1,1,3,0,1,1,1,0,1,0,1,1,1,0
2026-05-13 06:00:00,85,52,27,52,21,21,43,19,26,27,13,8,26,7,15,12,1,26,29,8,5,10,9,2
2026-05-13 09:00:00,16,8,15,23,10,7,8,15,12,9,6,11,7,8,2,5,2,10,7,2,5,11,9,6
2026-05-13 12:00:00,9,12,23,13,11,7,7,1,11,8,10,10,8,7,7,8,15,4,3,4,5,10,7,11
2026-05-13 15:00:00,48,61,76,35,28,22,26,38,11,17,29,28,24,35,21,16,26,6,19,39,18,13,9,18
2026-05-13 18:00:00,17,27,17,13,25,17,5,8,11,2,11,15,4,12,13,7,16,8,6,6,8,7,12,12
2026-05-13 21:00:00,5,1,7,4,8,3,4,5,2,2,2,4,1,0,2,1,5,4,0,5,6,0,7,4
2026-05-14 00:00:00,1,0,0,1,2,2,0,0,0,0,1,0,0,0,0,0,1,0,0,0,1,0,1,0
2026-05-14 03:00:00,0,3,1,1,1,7,1,2,0,2,2,2,1,0,0,1,0,1,0,1,0,1,0,0
2026-05-14 06:00:00,84,51,26,75,21,21,45,28,34,42,21,9,33,12,16,17,2,18,21,11,3,4,7,0
2026-05-14 09:00:00,24,18,16,28,7,10,7,9,7,6,9,6,9,12,6,4,8,13,8,4,4,18,9,6
2026-05-14 12:00:00,15,18,23,14,12,7,15,8,19,9,10,15,9,7,4,6,12,9,7,10,11,9,9,10
2026-05-14 15:00:00,51,65,55,41,18,29,24,31,28,13,40,24,18,41,18,20,36,7,12,26,29,21,5,11
2026-05-14 18:00:00,14,20,31,21,35,21,7,10,12,14,13,27,5,14,14,14,22,5,5,9,16,8,8,7
2026-05-14 21:00:00,7,8,11,8,7,5,2,2,4,1,5,12,2,1,6,1,5,4,0,0,5,1,3,10
2026-05-15 00:00:00,4,0,0,0,3,2,0,0,4,1,0,0,0,1,1,2,3,1,2,1,3,0,0,0
2026-05-15 03:00:00,0,3,1,4,5,6,0,2,0,0,0,1,2,0,0,1,0,0,0,0,0,0,0,0
2026-05-15 06:00:00,35,19,19,40,18,19,26,12,24,27,16,10,24,10,15,8,1,11,13,8,0,12,10,2
2026-05-15 09:00:00,20,12,13,11,9,14,11,10,23,13,11,10,8,10,8,7,9,12,10,6,6,21,9,6
2026-05-15 12:00:00,20,19,23,25,14,5,9,4,17,15,8,13,7,8,13,9,11,14,10,15,10,16,6,9
2026-05-15 15:00:00,30,50,39,31,35,29,13,27,29,14,29,27,22,22,15,22,22,15,11,16,23,9,11,14
2026-05-15 18:00:00,14,15,14,9,15,20,9,5,12,5,9,14,8,5,7,13,11,12,5,3,20,13,7,6
2026-05-15 21:00:00,5,10,7,5,8,4,5,6,2,6,5,1,1,2,5,7,7,4,6,3,7,3,3,3
2026-05-16 00:00:00,6,2,4,1,6,4,2,2,2,0,2,4,0,1,3,0,0,8,2,1,2,0,2,1
2026-05-16 03:00:00,0,0,1,0,1,1,1,0,1,0,0,1,1,0,0,0,0,1,0,0,2,0,1,0
2026-05-16 06:00:00,0,1,5,2,3,6,3,1,4,1,2,6,3,2,3,0,1,4,3,0,2,4,5,0
2026-05-16 09:00:00,7,9,1,8,25,13,5,8,20,8,3,12,2,7,6,10,11,10,5,9,9,15,6,2
2026-05-16 12:00:00,7,14,12,11,36,24,10,10,19,11,9,21,13,7,19,20,16,11,4,6,19,15,8,10
2026-05-16 15:00:00,13,16,12,18,14,20,8,12,8,5,8,14,8,4,4,15,14,12,3,11,16,12,8,9
2026-05-16 18:00:00,10,5,12,18,22,25,4,4,9,6,5,10,6,2,3,12,16,13,8,5,15,13,5,9
2026-05-16 21:00:00,4,5,12,13,6,9,4,1,5,12,2,8,3,5,4,6,0,8,4,3,10,0,2,6
2026-05-17 00:00:00,4,2,1,2,2,5,2,1,6,5,2,7,2,0,4,2,0,4,2,3,5,6,1,1
2026-05-17 03:00:00,0,0,2,0,2,0,0,0,5,0,0,1,0,0,0,0,0,1,0,0,1,1,0,1
2026-05-17 06:00:00,6,1,5,4,7,9,3,0,10,2,2,4,2,2,2,3,0,8,3,5,6,2,1,1
2026-05-17 09:00:00,14,17,13,13,24,15,6,11,10,8,7,15,7,4,20,6,12,11,1,7,8,9,7,2
2026-05-17 12:00:00,13,14,13,27,40,27,6,10,16,3,11,18,5,9,18,19,20,12,1,1,9,18,10,12
2026-05-17 15:00:00,17,17,15,13,21,26,7,9,18,4,4,13,9,4,14,14,14,7,5,8,18,14,7,14
2026-05-17 18:00:00,4,9,11,14,25,19,4,3,9,9,13,12,8,4,0,2,15,12,2,2,13,11,10,10
2026-05-17 21:00:00,5,6,0,7,5,6,1,2,11,5,0,5,1,4,5,10,4,4,1,1,13,4,1,7
2026-05-18 00:00:00,3,0,4,0,3,1,0,1,0,7,2,0,0,0,0,1,1,3,0,0,6,0,1,2
2026-05-18 03:00:00,4,4,2,1,5,7,1,3,1,2,1,1,1,0,0,0,0,3,0,0,0,0,0,0
2026-05-18 06:00:00,82,45,29,67,16,22,37,19,35,27,16,7,34,17,17,16,0,23,25,13,8,20,9,2
2026-05-18 09:00:00,15,12,10,10,8,6,11,8,12,10,8,3,6,9,3,6,4,8,4,4,3,9,2,4
2026-05-18 12:00:00,7,11,14,15,5,8,11,5,7,2,5,5,5,3,2,4,10,12,4,3,7,7,8,11
2026-05-18 15:00:00,42,54,71,32,22,23,27,33,8,18,28,23,22,41,22,8,25,12,15,34,28,14,8,8
2026-05-18 18:00:00,22,28,17,19,32,30,11,15,10,12,9,20,6,14,6,13,32,9,11,19,7,5,11,18
2026-05-18 21:00:00,5,3,8,3,6,6,1,3,7,1,2,7,2,0,1,2,0,0,1,1,2,2,5,3
2026-05-19 00:00:00,0,1,0,0,1,4,0,1,1,1,0,0,0,0,0,0,1,1,0,0,2,1,0,0
2026-05-19 03:00:00,3,2,2,4,4,10,1,1,1,0,1,2,3,0,1,0,0,1,1,1,0,1,0,0
2026-05-19 06:00:00,99,53,34,77,25,22,53,29,32,43,22,16,39,9,15,5,3,21,31,13,2,8,4,1
2026-05-19 09:00:00,27,17,17,31,6,12,12,8,18,7,13,10,8,13,8,8,9,9,9,7,8,21,8,9
2026-05-19 12:00:00,11,23,25,22,12,12,9,14,11,11,11,12,6,12,9,13,10,15,6,7,15,7,12,13
2026-05-19 15:00:00,52,69,63,19,42,22,25,36,23,16,25,45,28,43,18,19,33,10,19,24,26,10,9,14
2026-05-19 18:00:00,10,25,14,6,22,22,10,10,14,6,12,16,5,10,16,17,18,11,9,9,7,6,9,6
2026-05-19 21:00:00,6,14,5,5,5,7,4,3,3,8,3,6,2,0,2,6,10,0,3,6,3,2,7,4
2026-05-20 00:00:00,0,0,0,0,1,0,0,1,2,1,1,0,0,0,0,1,3,0,0,0,0,0,1,0
2026-05-20 03:00:00,1,2,2,1,4,4,0,1,1,1,1,1,3,1,0,1,0,0,2,1,0,0,0,0
2026-05-20 06:00:00,92,51,24,72,17,25,46,29,41,41,14,7,51,18,21,19,1,22,33,19,8,16,5,2
2026-05-20 09:00:00,30,18,13,25,12,11,11,9,17,9,5,7,8,10,8,11,6,9,14,5,3,21,7,9
2026-05-20 12:00:00,18,18,30,26,9,20,11,7,11,10,9,14,9,7,5,10,12,13,11,10,6,8,7,11
2026-05-20 15:00:00,44,74,88,31,39,25,33,30,22,23,30,27,23,43,23,18,22,10,22,25,20,8,11,12
2026-05-20 18:00:00,20,24,17,8,27,21,10,9,12,8,6,11,2,13,15,10,20,4,6,11,9,14,18,11
2026-05-20 21:00:00,6,5,2,3,7,3,1,3,4,3,3,2,2,1,1,3,7,0,5,1,4,3,5,6
2026-05-21 00:00:00,0,0,1,1,0,4,0,0,0,1,0,0,0,0,0,0,2,1,0,0,0,0,1,2
2026-05-21 03:00:00,2,1,2,2,3,8,0,2,0,4,2,1,1,0,0,1,0,1,0,0,0,0,0,0
2026-05-21 06:00:00,90,60,29,66,25,17,51,20,30,31,23,4,36,13,19,12,0,18,19,17,5,3,5,2
2026-05-21 09:00:00,26,20,18,30,7,10,10,6,15,13,9,10,8,16,4,10,6,5,9,6,8,23,5,6
2026-05-21 12:00:00,30,20,27,24,13,17,12,13,11,4,13,6,9,11,5,4,23,13,9,7,11,12,9,9
2026-05-21 15:00:00,52,57,69,26,26,32,27,34,23,20,23,22,25,33,17,25,20,16,13,31,19,5,10,13
2026-05-21 18:00:00,14,21,15,11,31,26,8,15,12,6,8,16,8,12,9,8,17,9,10,10,14,7,8,7
2026-05-21 21:00:00,3,6,2,2,16,9,4,2,7,2,1,5,2,1,1,3,4,3,3,3,5,1,4,4
2026-05-22 00:00:00,0,0,1,3,5,1,0,0,5,0,0,0,1,1,0,1,0,3,0,1,3,0,1,1
2026-05-22 03:00:00,2,2,2,4,3,6,0,1,1,1,0,0,1,0,0,0,0,1,0,0,0,1,0,0
2026-05-22 06:00:00,44,24,13,31,19,20,26,10,12,24,13,4,15,9,19,6,1,11,20,9,5,12,8,1
2026-05-22 09:00:00,14,8,17,25,20,16,9,8,9,8,9,6,5,8,7,14,9,13,7,3,4,20,9,7
2026-05-22 12:00:00,10,21,24,23,12,16,10,16,14,16,19,13,4,13,10,8,34,11,9,7,11,15,5,9
2026-05-22 15:00:00,28,39,42,20,32,19,17,20,15,16,20,15,19,12,14,17,22,12,22,24,20,14,9,11
2026-05-22 18:00:00,12,27,12,7,17,10,5,8,12,11,7,12,1,3,9,12,12,6,6,5,12,8,8,12
2026-05-22 21:00:00,7,8,5,3,3,4,8,5,1,1,1,6,0,1,4,3,6,1,3,0,8,4,6,6
2026-05-23 00:00:00,2,2,0,1,7,3,1,0,1,4,1,6,1,0,5,6,0,1,0,2,1,1,1,3
2026-05-23 03:00:00,1,0,0,0,2,0,0,0,0,1,0,0,0,0,0,0,0,2,0,2,1,0,0,0
2026-05-23 06:00:00,4,4,2,2,6,6,2,1,5,2,0,0,5,3,2,2,0,4,2,0,1,1,3,1
2026-05-23 09:00:00,4,10,1,12,22,16,8,10,22,7,8,11,3,3,11,14,7,9,3,2,4,13,11,2
2026-05-23 12:00:00,16,20,17,17,25,19,5,9,22,6,11,12,4,8,6,13,9,13,7,3,11,21,9,6
2026-05-23 15:00:00,11,12,12,21,17,8,13,9,14,8,10,14,3,5,12,9,13,17,5,7,16,9,8,14
2026-05-23 18:00:00,7,11,15,6,16,10,4,7,15,7,3,9,4,4,8,14,8,5,2,5,2,14,5,12
2026-05-23 21:00:00,8,9,14,6,2,10,4,1,5,5,2,9,1,3,7,6,5,4,1,2,6,6,3,5
2026-05-24 00:00:00,1,1,4,0,3,5,1,0,4,2,2,1,0,1,4,3,0,2,0,0,4,0,0,2
2026-05-24 03:00:00,1,0,1,1,1,2,0,0,4,1,0,0,0,0,0,0,0,1,0,0,1,0,0,0
2026-05-24 06:00:00,0,0,0,0,2,2,0,0,1,1,0,0,0,1,2,1,0,0,0,0,0,0,2,0
2026-05-24 09:00:00,1,1,5,6,9,5,2,7,2,2,6,0,4,0,4,2,2,4,2,0,3,1,6,2
2026-05-24 12:00:00,10,15,18,14,17,15,11,8,14,6,3,16,2,8,11,7,5,8,4,4,8,13,8,7
2026-05-24 15:00:00,19,12,9,12,27,21,2,5,27,8,14,11,3,6,15,20,14,9,7,7,6,12,5,6
2026-05-24 18:00:00,8,7,10,15,11,13,2,9,17,2,2,9,6,5,14,13,19,13,2,4,13,10,5,10
2026-05-24 21:00:00,6,4,13,4,14,9,2,1,13,4,3,8,5,9,5,2,5,2,1,1,2,2,1,4
2026-05-25 00:00:00,0,1,0,0,1,2,0,0,0,0,4,4,0,1,0,3,3,4,1,0,2,1,1,2
2026-05-25 03:00:00,0,1,1,1,5,2,1,1,2,0,1,0,0,0,0,1,0,1,2,0,1,0,0,2
2026-05-25 06:00:00,4,5,3,5,9,6,3,2,3,4,1,1,5,5,2,4,0,3,3,1,3,6,5,0
2026-05-25 09:00:00,10,8,13,14,29,24,7,10,9,9,7,9,1,17,16,8,9,12,9,8,10,14,7,8
2026-05-25 12:00:00,10,18,12,18,35,27,4,9,27,6,14,16,1,7,9,6,14,10,6,17,14,20,5,9
2026-05-25 15:00:00,20,25,12,16,26,31,8,7,16,2,4,9,17,5,8,10,15,12,3,3,11,11,11,15
2026-05-25 18:00:00,10,8,21,8,24,26,10,5,17,7,9,13,7,6,12,6,19,15,5,9,11,12,7,8
2026-05-25 21:00:00,3,4,5,3,5,5,1,1,2,1,5,7,0,0,5,6,2,10,2,2,5,4,7,1
2026-05-26 00:00:00,1,3,4,3,1,0,0,1,2,2,2,1,0,2,0,0,2,1,0,0,0,2,1,9
2026-05-26 03:00:00,5,2,3,6,5,12,2,2,0,0,5,0,0,0,0,0,0,0,1,2,0,1,1,1
2026-05-26 06:00:00,99,49,24,72,17,16,50,28,27,41,32,6,35,13,18,21,3,22,36,13,4,15,9,2
2026-05-26 09:00:00,23,16,15,21,6,11,11,13,18,3,12,8,4,5,4,4,7,8,9,5,6,18,9,7
2026-05-26 12:00:00,19,23,10,16,18,10,15,11,17,12,7,16,8,13,7,7,19,15,5,5,7,9,11,16
2026-05-26 15:00:00,59,72,71,42,28,29,34,32,12,17,32,20,32,49,14,19,20,7,16,24,28,14,9,12
2026-05-26 18:00:00,16,23,16,18,26,30,4,15,10,10,8,24,7,12,16,18,25,5,6,8,11,14,10,14
2026-05-26 21:00:00,3,9,5,3,12,12,1,0,9,1,1,10,0,3,10,6,3,5,1,3,6,3,0,5
2026-05-27 00:00:00,2,0,0,0,2,0,0,0,0,0,0,2,0,0,0,1,0,0,0,0,1,0,3,2
2026-05-27 03:00:00,8,2,2,4,5,8,1,2,3,0,2,0,1,1,1,0,1,1,1,0,0,1,0,0
2026-05-27 06:00:00,92,54,20,75,25,31,47,39,43,38,19,7,41,20,24,22,2,23,29,9,8,10,6,3
2026-05-27 09:00:00,26,20,22,19,10,9,15,13,13,18,7,11,6,16,8,8,8,13,9,6,10,9,8,7
2026-05-27 12:00:00,24,16,29,30,13,10,15,10,16,10,15,10,6,5,11,7,14,7,5,5,11,14,5,11
2026-05-27 15:00:00,56,82,81,30,42,28,38,37,18,18,37,40,32,49,24,25,21,16,22,31,39,20,13,11
2026-05-27 18:00:00,17,24,15,8,32,17,15,16,12,13,16,15,4,17,8,16,24,7,8,16,9,8,10,10
2026-05-27 21:00:00,4,3,7,4,7,5,2,4,5,0,1,6,1,1,1,5,6,7,2,2,6,4,5,5
2026-05-28 00:00:00,1,1,0,0,1,1,1,0,0,0,1,0,0,0,0,3,0,2,0,0,2,0,3,3
2026-05-28 03:00:00,4,1,3,3,2,6,1,2,2,2,2,0,1,1,2,0,0,0,1,1,1,0,0,0
2026-05-28 06:00:00,103,56,32,78,28,23,47,26,36,38,24,12,36,17,20,14,0,21,35,17,1,13,3,2
2026-05-28 09:00:00,19,11,20,23,9,15,10,9,23,8,8,16,8,9,5,8,9,10,9,7,9,15,14,3
2026-05-28 12:00:00,25,25,16,23,21,12,9,10,7,17,13,15,10,10,8,12,15,17,13,8,9,14,10,14
2026-05-28 15:00:00,51,78,80,39,24,21,27,29,18,23,37,29,27,48,21,33,26,18,26,35,35,13,11,14
2026-05-28 18:00:00,20,23,20,10,26,32,7,11,8,12,16,17,10,7,16,15,13,7,10,10,13,6,12,9
2026-05-28 21:00:00,7,8,7,8,13,7,4,7,6,1,0,8,2,1,7,3,6,5,3,1,9,4,3,3
2026-05-29 00:00:00,1,1,0,0,4,3,1,3,0,0,1,1,1,3,0,1,0,0,1,0,2,0,1,1
2026-05-29 03:00:00,2,4,2,1,6,8,0,1,3,0,0,1,2,1,0,1,0,3,0,0,0,0,0,0
2026-05-29 06:00:00,57,27,24,40,25,22,31,11,25,25,19,5,26,12,20,9,2,13,16,5,2,14,7,6
2026-05-29 09:00:00,18,18,17,28,12,20,16,11,16,11,7,12,8,13,9,10,7,22,4,7,10,21,8,9
2026-05-29 12:00:00,25,28,21,20,15,20,12,8,28,16,17,17,9,9,11,7,11,11,7,8,12,11,8,9
2026-05-29 15:00:00,37,54,52,30,27,35,20,28,12,21,25,23,21,30,13,23,24,10,21,23,31,20,15,13
2026-05-29 18:00:00,10,20,23,11,23,24,6,17,11,14,7,18,4,5,17,15,12,17,13,16,10,3,11,8
2026-05-29 21:00:00,8,10,13,2,13,6,5,4,7,3,7,0,1,5,6,4,8,8,3,4,5,2,1,5
2026-05-30 00:00:00,5,1,2,9,12,9,2,2,2,1,2,4,2,1,3,5,0,2,3,0,3,1,4,0
2026-05-30 03:00:00,3,1,1,1,2,1,2,0,0,0,0,0,0,1,0,0,0,0,0,1,1,0,0,0
2026-05-30 06:00:00,2,6,1,4,18,16,7,2,7,2,2,5,3,4,4,3,1,2,5,1,2,4,1,1
2026-05-30 09:00:00,9,13,10,6,28,28,10,7,9,9,7,9,7,8,9,11,9,9,2,2,8,14,9,4
2026-05-30 12:00:00,12,13,5,17,17,29,10,5,13,9,13,13,10,6,15,13,8,13,3,5,5,2,3,4
2026-05-30 15:00:00,12,14,24,17,27,27,4,4,7,12,10,13,13,9,10,22,9,19,7,8,12,10,2,3
2026-05-30 18:00:00,7,24,18,4,18,16,5,10,10,9,5,22,5,10,9,8,4,5,2,3,15,5,0,3
2026-05-30 21:00:00,4,5,4,7,11,7,6,4,5,0,4,5,3,3,5,4,0,0,0,3,4,1,1,0
2026-05-31 00:00:00,5,6,0,6,12,7,2,3,3,0,3,4,2,2,4,4,1,1,1,1,7,0,0,0
2026-05-31 03:00:00,1,2,0,0,0,5,0,0,0,0,0,2,0,0,0,0,0,1,1,0,1,0,0,1
2026-05-31 06:00:00,5,6,3,1,10,10,0,1,4,3,2,4,2,1,1,6,0,3,1,4,2,0,0,0
2026-05-31 09:00:00,11,14,6,4,25,14,4,5,16,10,10,4,3,3,10,12,3,5,5,5,3,4,3,1
2026-05-31 12:00:00,15,9,8,10,32,28,7,5,11,9,8,10,8,7,12,13,9,12,6,9,16,8,5,2
2026-05-31 15:00:00,10,9,13,19,15,16,6,4,7,9,15,6,11,9,16,18,7,14,8,9,4,7,0,3
2026-05-31 18:00:00,6,14,14,6,14,21,3,12,7,12,7,7,4,9,8,11,4,9,6,3,16,3,2,3
2026-05-31 21:00:00,3,10,6,4,9,6,4,4,3,2,0,4,2,3,6,3,1,1,0,4,8,0,0,0
2026-06-01 00:00:00,1,0,0,0,1,1,0,0,0,0,2,0,0,1,0,3,1,1,0,0,2,1,0,0
2026-06-01 03:00:00,1,1,4,2,2,3,1,1,1,1,2,0,1,0,1,1,0,0,1,0,0,0,0,0
2026-06-01 06:00:00,95,53,23,60,18,31,44,20,30,34,20,3,35,17,15,13,0,9,29,16,7,10,10,3
2026-06-01 09:00:00,19,22,18,30,12,12,15,6,7,4,2,5,6,9,9,4,9,10,2,5,10,12,6,2
2026-06-01 12:00:00,18,14,18,27,8,13,7,5,12,8,5,9,3,4,9,10,7,9,9,7,13,8,5,2
2026-06-01 15:00:00,48,59,68,27,28,25,34,32,12,15,27,30,18,42,25,28,25,12,18,22,21,10,1,4
2026-06-01 18:00:00,16,16,20,4,28,38,9,17,11,5,14,15,7,16,13,11,8,8,7,19,6,4,2,3
2026-06-01 21:00:00,6,4,2,2,7,3,1,0,1,6,2,3,3,2,4,6,1,3,4,1,3,2,0,1
2026-06-02 00:00:00,0,1,0,0,1,0,0,0,0,0,0,0,0,0,0,0,0,1,0,0,7,0,0,0
2026-06-02 03:00:00,6,1,0,1,3,10,2,2,1,0,3,1,1,3,1,0,0,1,1,1,1,1,0,0
2026-06-02 06:00:00,97,70,27,81,24,21,47,24,44,41,22,6,43,18,20,15,1,23,36,12,8,6,2,2
2026-06-02 09:00:00,28,22,20,27,10,17,8,12,13,16,12,10,5,9,5,3,9,14,5,6,11,22,7,1
2026-06-02 12:00:00,19,25,18,12,10,17,20,8,10,8,9,14,7,10,9,13,17,11,5,6,12,22,4,6
2026-06-02 15:00:00,52,89,82,38,32,34,33,25,18,25,30,31,29,53,21,24,26,16,18,32,34,8,6,5
2026-06-02 18:00:00,11,17,8,4,33,21,5,13,6,10,13,7,14,9,24,17,14,9,7,7,10,4,5,3
2026-06-02 21:00:00,9,9,2,2,10,10,5,5,3,1,2,4,3,2,3,3,3,7,0,5,3,1,0,3
2026-06-03 00:00:00,1,0,0,0,1,0,0,0,0,0,1,0,0,0,0,2,2,1,0,1,0,0,0,0
2026-06-03 03:00:00,3,3,4,0,3,5,0,1,0,1,3,0,2,2,0,0,0,0,1,0,0,0,1,0
2026-06-03 06:00:00,115,64,25,79,32,37,35,30,45,36,18,6,45,18,20,18,1,20,25,12,7,15,2,2
2026-06-03 09:00:00,39,20,22,22,6,12,12,13,22,15,12,15,12,10,8,15,7,13,8,9,7,16,9,2
2026-06-03 12:00:00,13,24,27,20,9,16,14,11,14,10,12,9,1,5,5,6,16,9,14,8,10,13,4,8
2026-06-03 15:00:00,56,85,66,32,40,31,41,28,11,24,45,34,34,48,18,19,17,18,17,24,23,6,2,7
2026-06-03 18:00:00,13,20,11,9,22,24,8,14,8,10,8,10,1,10,9,24,12,9,5,13,8,12,4,5
2026-06-03 21:00:00,5,7,5,2,8,13,3,4,7,4,1,6,2,0,4,10,4,3,1,2,3,4,0,1
2026-06-04 00:00:00,1,0,0,0,1,1,0,0,0,0,0,0,0,0,0,0,0,0,1,0,2,0,0,0
2026-06-04 03:00:00,4,1,2,2,2,7,0,2,1,1,2,1,1,1,0,3,0,0,0,0,0,2,0,0
2026-06-04 06:00:00,87,53,29,72,20,21,36,26,45,37,17,7,41,19,19,15,0,21,26,10,6,6,4,1
2026-06-04 09:00:00,31,17,30,35,14,10,14,12,19,11,10,18,13,16,10,10,5,13,12,3,8,16,2,1
2026-06-04 12:00:00,16,20,31,26,27,18,15,14,17,8,14,20,9,6,6,10,14,15,13,10,17,11,6,6
2026-06-04 15:00:00,47,60,66,37,46,37,30,30,13,29,38,36,24,50,37,27,24,14,19,19,35,7,4,3
2026-06-04 18:00:00,15,22,11,8,25,23,2,2,6,9,3,10,7,10,16,11,5,5,9,12,13,7,2,5
2026-06-04 21:00:00,2,4,7,4,11,8,1,6,3,1,4,3,1,2,3,10,4,4,7,3,5,3,3,4
2026-06-05 00:00:00,3,2,0,0,6,4,0,1,0,0,1,0,3,0,1,1,1,0,0,0,1,0,0,1
2026-06-05 03:00:00,2,3,1,3,12,3,0,1,1,0,2,0,2,2,0,0,2,0,0,0,0,2,0,0
2026-06-05 06:00:00,41,32,26,49,18,23,35,14,25,31,14,5,22,12,13,19,1,14,8,9,8,5,4,2
2026-06-05 09:00:00,14,15,15,19,11,6,5,13,16,15,11,14,10,7,9,9,8,9,8,7,3,16,8,0
2026-06-05 12:00:00,15,12,21,21,17,14,6,9,11,11,21,11,12,7,2,7,6,13,6,9,9,7,4,4
2026-06-05 15:00:00,42,41,38,23,22,27,13,22,19,12,25,22,19,19,23,9,18,11,14,18,23,10,1,4
2026-06-05 18:00:00,20,20,12,12,30,30,6,8,13,6,8,12,6,8,11,16,5,22,12,8,17,3,2,4
2026-06-05 21:00:00,12,12,7,4,16,13,1,3,7,6,5,3,4,2,2,8,2,9,4,6,12,0,1,1
2026-06-06 00:00:00,4,1,3,3,5,4,1,3,4,1,1,2,3,3,5,3,0,3,0,1,4,0,0,0
2026-06-06 03:00:00,0,0,0,3,2,0,0,0,0,0,0,0,0,0,0,1,0,0,0,1,2,1,0,0
2026-06-06 06:00:00,7,8,2,6,4,10,2,2,2,4,2,5,1,4,9,3,0,3,3,0,1,4,2,0
2026-06-06 09:00:00,7,18,14,24,31,27,17,13,11,8,21,21,5,13,15,17,9,11,10,5,16,9,5,1
2026-06-06 12:00:00,15,24,8,17,20,17,9,10,14,18,22,10,3,7,10,11,5,16,4,11,27,12,2,3
2026-06-06 15:00:00,16,14,12,15,25,32,11,13,20,9,9,21,8,13,14,17,6,25,6,6,11,2,4,3
2026-06-06 18:00:00,10,14,17,23,26,28,8,9,24,8,5,15,5,5,14,14,4,10,6,11,15,2,2,1
2026-06-06 21:00:00,8,5,14,10,10,8,2,3,5,8,6,13,6,3,11,8,0,15,3,4,15,6,0,0
2026-06-07 00:00:00,4,3,9,9,7,4,1,1,8,3,3,9,2,2,9,11,1,4,4,3,3,0,0,0
2026-06-07 03:00:00,2,1,0,1,1,3,0,1,11,0,0,1,0,1,0,2,3,1,0,1,3,0,0,0
2026-06-07 06:00:00,5,2,3,3,14,10,3,1,4,2,3,9,3,0,2,4,1,5,1,2,1,2,0,1
2026-06-07 09:00:00,10,20,10,5,26,24,6,14,7,7,13,13,4,7,13,13,2,7,5,13,4,3,0,1
2026-06-07 12:00:00,14,14,11,14,29,25,16,10,16,10,10,8,5,5,18,14,8,16,10,8,14,13,2,2
2026-06-07 15:00:00,16,18,18,22,20,23,16,11,18,8,5,18,6,13,15,13,10,16,1,7,18,9,1,4
2026-06-07 18:00:00,9,4,17,6,13,18,4,3,14,2,3,12,2,6,4,8,2,2,5,7,12,2,0,2
2026-06-07 21:00:00,1,5,6,6,12,4,3,2,2,5,1,5,1,2,7,3,1,6,0,4,9,0,0,2
2026-06-08 00:00:00,5,3,1,0,3,1,0,1,0,0,1,3,0,1,0,1,0,2,0,1,2,0,0,0
2026-06-08 03:00:00,2,6,3,0,3,12,0,5,1,0,1,1,1,1,1,0,0,0,0,0,0,0,0,0
2026-06-08 06:00:00,86,49,30,62,22,25,45,30,39,41,22,11,41,18,17,18,1,18,22,10,2,12,5,1
2026-06-08 09:00:00,24,20,13,21,12,14,13,9,17,9,11,11,6,7,5,9,6,8,4,9,3,17,8,2
2026-06-08 12:00:00,20,14,23,22,13,21,14,6,16,11,13,14,10,4,8,6,17,12,10,15,14,8,4,7
2026-06-08 15:00:00,37,44,65,19,26,20,19,31,13,16,24,25,21,24,16,18,13,6,18,19,25,5,1,5
2026-06-08 18:00:00,16,24,14,18,23,23,8,17,9,8,18,10,3,10,17,14,10,9,7,8,9,8,4,3
2026-06-08 21:00:00,6,4,4,6,4,6,9,1,4,4,2,5,0,2,3,5,5,0,4,3,5,3,1,1
2026-06-09 00:00:00,0,2,2,0,0,0,0,0,0,0,0,0,0,0,1,0,0,0,0,0,0,0,0,0
2026-06-09 03:00:00,2,2,4,0,3,8,2,1,1,0,1,1,1,2,0,1,0,1,0,0,0,1,0,0
2026-06-09 06:00:00,111,52,29,71,25,21,49,32,40,52,22,8,38,18,17,19,0,16,31,7,2,6,4,2
2026-06-09 09:00:00,38,14,18,23,14,11,9,10,19,13,10,12,11,25,9,10,5,18,8,8,6,23,4,0
2026-06-09 12:00:00,18,25,17,30,15,10,12,10,22,14,13,12,12,3,8,9,17,15,8,15,14,9,2,4
2026-06-09 15:00:00,49,68,83,40,28,32,36,43,20,25,36,43,22,45,26,23,27,15,15,29,37,6,3,3
2026-06-09 18:00:00,10,20,20,11,21,23,14,9,4,7,8,19,4,2,11,11,12,9,4,11,18,6,0,1
2026-06-09 21:00:00,6,5,8,4,13,9,2,2,5,8,4,2,1,5,4,4,4,5,3,3,7,0,1,0
2026-06-10 00:00:00,2,1,0,1,0,0,0,2,0,0,0,1,0,1,1,0,1,0,0,0,3,0,0,0
2026-06-10 03:00:00,1,4,2,2,9,3,1,4,0,2,2,0,3,2,0,1,0,0,0,0,2,0,0,0
2026-06-10 06:00:00,118,60,38,83,23,15,48,31,46,52,21,17,47,21,18,16,3,28,30,15,5,12,5,3
2026-06-10 09:00:00,27,22,29,38,13,12,13,9,15,16,8,12,10,10,9,15,9,16,6,11,8,19,10,5
2026-06-10 12:00:00,23,27,31,34,17,14,17,12,14,9,19,8,7,14,10,17,11,18,10,8,9,13,4,1
2026-06-10 15:00:00,30,64,51,13,12,17,25,33,12,13,19,22,17,20,16,11,7,5,13,24,17,2,0,3
2026-06-10 18:00:00,14,22,10,9,15,11,9,15,15,6,12,13,3,7,17,14,11,10,5,14,10,4,2,4
2026-06-10 21:00:00,7,4,3,2,5,5,4,3,1,2,3,7,2,0,6,2,4,2,3,3,7,2,0,1
2026-06-11 00:00:00,0,0,0,0,2,0,0,0,0,1,0,1,0,0,0,0,1,1,0,0,0,0,0,0
2026-06-11 03:00:00,3,3,3,4,7,6,1,4,2,2,0,1,1,1,0,1,1,0,1,1,1,1,0,0
2026-06-11 06:00:00,106,57,30,75,25,22,49,26,49,35,20,10,39,17,25,20,0,29,24,8,10,14,3,1
2026-06-11 09:00:00,40,20,27,25,8,15,15,6,12,11,10,4,11,12,10,12,3,14,6,9,8,15,2,0
2026-06-11 12:00:00,15,28,23,21,15,13,17,13,10,12,20,9,8,4,6,10,8,13,10,12,8,5,4,3
2026-06-11 15:00:00,41,57,63,19,24,19,24,34,18,16,29,34,19,33,24,22,16,5,15,37,18,3,1,3
2026-06-11 18:00:00,12,21,14,14,17,17,7,10,9,4,10,9,1,6,11,13,7,5,4,12,5,7,1,3
2026-06-11 21:00:00,7,9,2,4,6,4,6,4,1,1,3,5,2,4,4,4,1,3,3,2,7,1,1,1
2026-06-12 00:00:00,3,2,5,2,5,5,0,0,2,2,4,2,2,0,0,4,0,2,1,3,2,1,0,1
2026-06-12 03:00:00,0,5,3,2,8,7,1,3,1,0,0,0,1,0,1,2,0,0,1,1,0,2,0,0
2026-06-12 06:00:00,54,27,23,33,21,22,28,12,26,42,16,5,22,13,16,15,0,19,20,5,8,9,4,3
2026-06-12 09:00:00,26,13,19,27,12,17,15,8,13,11,12,14,9,12,11,16,11,10,12,8,6,16,6,1
2026-06-12 12:00:00,19,28,22,23,30,32,16,22,13,10,13,15,17,17,11,15,22,14,10,14,13,10,2,5
2026-06-12 15:00:00,37,52,43,31,57,43,18,36,22,20,32,31,28,23,26,37,19,24,14,20,28,11,0,6
2026-06-12 18:00:00,22,14,16,18,26,24,16,15,5,12,18,8,7,13,22,25,15,12,13,9,16,3,3,2
2026-06-12 21:00:00,7,16,10,12,14,13,2,4,7,4,13,5,0,2,13,15,1,11,11,3,9,2,2,4
2026-06-13 00:00:00,8,5,0,2,17,11,2,0,3,1,5,6,3,1,3,8,0,4,2,4,10,0,1,0
2026-06-13 03:00:00,1,2,0,1,3,2,1,1,1,1,0,0,4,1,1,0,0,3,0,0,2,0,0,0
2026-06-13 06:00:00,6,11,3,5,18,14,6,3,2,3,2,3,4,10,4,4,2,5,2,1,3,1,2,0
2026-06-13 09:00:00,16,23,10,21,47,32,7,13,18,8,8,20,9,18,15,19,2,14,11,8,14,7,4,0
2026-06-13 12:00:00,20,20,17,19,45,29,17,8,25,13,20,13,7,16,24,14,4,15,6,10,21,10,4,7
2026-06-13 15:00:00,23,22,27,18,37,57,12,23,17,7,10,15,8,10,15,38,4,16,10,8,13,2,0,4
2026-06-13 18:00:00,15,7,13,10,31,28,3,10,18,9,6,15,12,8,11,20,3,10,5,7,16,2,6,7
2026-06-13 21:00:00,10,9,4,6,18,19,2,1,7,5,7,8,2,5,9,6,2,7,4,10,9,0,0,0
2026-06-14 00:00:00,10,6,5,1,11,12,1,1,2,1,1,6,1,3,1,2,0,2,1,2,8,0,0,0
2026-06-14 03:00:00,0,0,1,0,6,6,0,0,0,0,0,1,0,0,2,2,0,0,0,0,1,0,0,1
2026-06-14 06:00:00,0,0,2,0,4,6,0,1,2,1,0,1,1,0,0,0,0,1,0,0,3,0,0,0
2026-06-14 09:00:00,11,7,5,5,14,11,4,4,14,9,3,6,4,4,8,12,5,7,0,1,3,3,4,8
2026-06-14 12:00:00,14,19,11,16,41,32,8,8,5,10,15,15,10,17,10,6,10,9,5,7,17,13,9,2
2026-06-14 15:00:00,12,15,11,14,24,29,7,8,18,1,5,26,7,8,12,7,8,11,4,2,14,9,4,5
2026-06-14 18:00:00,12,10,7,14,21,36,14,6,19,2,3,10,5,5,8,7,8,14,3,11,7,5,1,3
2026-06-14 21:00:00,6,6,8,3,6,13,0,1,13,0,4,9,2,2,5,3,0,2,3,4,10,2,1,0
2026-06-15 00:00:00,2,0,1,1,4,8,0,0,2,0,1,0,0,0,0,2,0,2,0,0,2,4,0,0
2026-06-15 03:00:00,0,4,4,0,4,6,0,2,1,0,0,0,1,0,1,1,1,2,0,1,1,1,2,0
2026-06-15 06:00:00,92,41,28,60,19,17,32,19,32,38,23,14,39,15,14,17,2,19,29,12,8,4,3,1
2026-06-15 09:00:00,36,26,15,28,12,19,16,11,16,10,6,9,7,7,7,3,10,10,11,10,8,16,2,4
2026-06-15 12:00:00,19,21,18,19,16,16,14,11,15,15,13,14,7,15,9,8,15,18,11,12,18,11,1,2
2026-06-15 15:00:00,45,66,75,37,36,52,40,38,20,12,25,36,29,39,16,27,29,12,14,16,26,18,9,3
2026-06-15 18:00:00,14,20,17,16,29,18,15,12,15,12,12,18,7,11,13,10,15,9,8,16,10,6,1,1
2026-06-15 21:00:00,9,9,4,3,11,20,1,0,5,0,4,6,4,7,2,2,0,4,1,2,7,4,2,1
2026-06-16 00:00:00,1,1,1,0,0,0,0,0,1,1,1,1,0,1,0,3,0,8,0,1,2,0,0,0
2026-06-16 03:00:00,5,2,1,2,6,9,1,2,1,1,0,0,2,0,2,2,0,1,0,1,0,0,0,0
2026-06-16 06:00:00,104,65,34,78,23,27,45,32,50,49,19,8,36,13,14,15,1,25,37,17,2,12,3,2
2026-06-16 09:00:00,32,19,14,35,9,13,10,22,17,6,8,14,9,9,4,7,5,22,13,10,13,18,2,3
2026-06-16 12:00:00,20,22,28,17,16,14,17,13,20,9,9,17,7,8,5,7,13,10,10,8,16,8,6,3
2026-06-16 15:00:00,53,88,78,30,38,30,40,34,27,17,23,29,25,43,15,25,27,13,16,25,30,10,5,10
2026-06-16 18:00:00,18,17,8,11,20,23,14,15,6,6,16,15,6,8,13,6,20,4,7,16,9,14,10,4
2026-06-16 21:00:00,6,5,7,1,16,15,4,7,2,1,6,3,2,2,8,13,3,7,3,4,4,2,1,1
2026-06-17 00:00:00,1,0,1,0,3,0,0,0,1,1,0,0,0,1,2,2,0,2,1,0,0,0,0,0
2026-06-17 03:00:00,3,2,2,0,12,5,1,3,0,2,0,0,1,0,0,3,0,1,1,1,1,0,0,0
2026-06-17 06:00:00,103,59,39,67,24,24,56,34,35,33,19,9,42,14,15,20,1,25,33,14,6,5,5,3
2026-06-17 09:00:00,5,5,8,14,1,3,4,3,0,3,1,2,0,3,2,4,1,2,4,3,2,6,0,0
2026-06-17 12:00:00,4,3,4,3,2,3,2,1,1,0,1,0,2,3,2,3,2,1,1,0,0,0,1,0
2026-06-17 15:00:00,34,45,47,19,23,18,36,28,6,12,18,16,20,37,18,17,11,9,22,26,15,2,2,2
2026-06-17 18:00:00,16,20,16,15,23,22,6,11,11,7,12,16,10,11,14,21,14,5,5,10,4,7,6,4
2026-06-17 21:00:00,3,2,5,2,14,13,7,4,2,6,7,10,0,2,7,5,0,4,0,1,3,4,0,1
2026-06-18 00:00:00,2,1,1,1,8,0,2,0,2,0,0,3,0,0,2,2,1,2,1,1,2,0,0,0
2026-06-18 03:00:00,5,2,0,1,8,6,0,3,0,1,1,0,1,1,1,0,0,2,0,0,2,1,0,0
2026-06-18 06:00:00,79,61,31,73,27,29,50,37,43,36,15,10,38,19,15,17,1,23,21,10,2,12,2,1
2026-06-18 09:00:00,41,14,22,23,8,14,18,14,20,12,11,15,6,6,4,10,6,16,12,10,9,20,2,3
2026-06-18 12:00:00,16,27,12,30,19,11,13,16,17,5,7,23,6,12,10,8,18,8,11,7,15,13,3,0
2026-06-18 15:00:00,59,56,80,39,45,34,40,40,28,16,23,32,27,25,21,22,19,19,22,39,38,10,3,5
2026-06-18 18:00:00,11,22,26,12,22,27,14,17,8,9,11,24,9,10,18,14,14,14,9,18,16,4,11,8
2026-06-18 21:00:00,9,3,8,11,17,14,6,3,7,10,11,7,3,2,15,11,3,4,5,7,12,2,0,1
2026-06-19 00:00:00,4,3,1,1,8,2,0,0,0,2,3,0,2,0,3,7,0,2,2,0,2,0,0,0
2026-06-19 03:00:00,3,1,0,0,11,5,0,0,5,1,0,0,1,1,0,3,0,2,0,0,2,0,0,0
2026-06-19 06:00:00,13,9,7,13,23,17,15,5,7,9,5,6,10,15,5,5,1,7,5,4,2,6,1,0
2026-06-19 09:00:00,20,16,14,18,23,31,10,8,17,16,10,13,3,8,15,8,5,20,14,8,8,23,4,5
2026-06-19 12:00:00,31,30,13,24,27,28,6,17,22,9,12,22,14,8,19,30,23,11,15,20,17,14,4,2
2026-06-19 15:00:00,26,33,26,17,28,24,11,19,21,13,20,14,9,8,17,19,12,14,9,6,15,8,4,1
2026-06-19 18:00:00,22,13,14,9,19,29,6,8,8,11,6,9,3,3,14,20,6,6,10,10,15,8,6,2
2026-06-19 21:00:00,7,6,6,13,9,12,7,6,2,3,7,4,0,0,14,12,1,7,8,5,18,1,1,1
2026-06-20 00:00:00,4,12,7,8,24,13,1,3,1,9,6,3,3,8,11,4,0,11,3,4,4,0,0,0
2026-06-20 03:00:00,3,0,0,1,9,5,0,0,1,0,0,0,0,0,0,2,0,0,0,1,2,0,0,0
2026-06-20 06:00:00,8,5,1,5,12,10,2,2,5,8,0,5,1,7,2,2,0,8,3,3,5,4,1,0
2026-06-20 09:00:00,8,18,8,20,28,21,8,9,13,9,12,15,6,18,18,22,6,17,8,7,18,10,12,7
2026-06-20 12:00:00,19,20,21,14,29,40,7,13,21,12,11,19,11,8,14,24,18,10,5,10,14,12,2,4
2026-06-20 15:00:00,23,23,19,12,25,32,12,7,19,9,13,16,22,11,19,24,10,9,11,16,9,11,7,6
2026-06-20 18:00:00,20,15,13,13,10,18,8,13,15,9,8,13,11,7,7,24,5,8,7,9,7,4,6,5
2026-06-20 21:00:00,12,9,3,10,18,10,12,2,9,6,8,16,5,5,11,9,1,5,5,4,16,3,2,1
2026-06-21 00:00:00,8,13,3,3,13,16,1,3,7,10,2,7,2,3,14,11,1,11,3,3,1,1,0,0
2026-06-21 03:00:00,2,0,0,0,6,2,2,0,1,0,1,0,0,0,0,1,1,1,0,0,3,0,0,0
2026-06-21 06:00:00,6,0,2,1,12,8,2,1,3,1,1,3,1,7,4,1,2,3,0,4,1,2,4,0
2026-06-21 09:00:00,21,14,4,7,17,19,10,6,13,8,10,9,7,2,15,8,8,8,8,7,3,6,5,6
2026-06-21 12:00:00,8,9,4,6,8,8,3,4,4,3,6,4,0,3,4,7,2,2,2,4,1,3,3,5
2026-06-21 15:00:00,3,2,3,0,5,6,1,2,1,1,2,0,1,0,1,3,1,3,1,0,0,1,2,3
2026-06-21 18:00:00,1,4,0,0,0,2,1,1,1,3,0,5,0,0,3,1,0,4,0,0,3,1,0,2
2026-06-21 21:00:00,1,2,1,1,4,1,0,1,0,1,3,0,0,1,1,1,0,0,1,2,2,2,0,0
2026-06-22 00:00:00,1,0,0,0,1,0,0,0,0,0,0,0,1,0,0,0,1,1,0,0,0,0,0,0
2026-06-22 03:00:00,3,4,2,1,6,9,1,1,4,0,1,0,1,0,1,2,0,1,1,1,0,1,0,0
2026-06-22 06:00:00,86,43,32,75,26,13,33,20,26,41,29,8,20,14,18,14,2,21,24,9,3,11,3,3
2026-06-22 09:00:00,19,10,15,21,13,11,5,8,20,6,10,16,5,6,8,5,8,11,6,10,9,25,5,6
2026-06-22 12:00:00,16,18,21,15,11,5,5,11,10,8,10,14,5,7,11,9,13,8,7,3,10,15,5,7
2026-06-22 15:00:00,40,60,63,33,31,25,28,32,18,20,38,32,24,41,10,15,34,10,18,30,27,13,6,14
2026-06-22 18:00:00,18,26,13,16,21,25,12,16,13,10,11,19,12,12,14,29,14,15,9,11,22,10,7,7
2026-06-22 21:00:00,3,7,4,3,11,7,8,7,2,5,3,7,4,2,6,7,3,6,5,4,8,2,0,0
2026-06-23 00:00:00,4,2,1,0,3,1,0,1,0,1,0,1,0,0,0,0,0,3,0,0,0,0,0,0
2026-06-23 03:00:00,4,5,2,2,7,9,2,3,1,0,1,2,2,2,0,1,0,2,1,2,0,0,0,0
2026-06-23 06:00:00,123,67,28,63,38,23,53,30,53,44,31,13,35,16,16,18,1,31,37,16,8,16,6,4
2026-06-23 09:00:00,25,14,16,36,13,9,5,15,8,11,4,13,3,10,8,12,7,9,9,10,9,18,3,4
2026-06-23 12:00:00,16,22,22,14,15,20,16,13,19,10,15,19,9,9,9,8,12,10,8,9,11,16,3,5
2026-06-23 15:00:00,56,84,89,51,37,31,32,35,13,16,43,37,30,46,17,20,29,18,22,38,38,9,5,8
2026-06-23 18:00:00,19,23,22,12,25,29,12,21,17,9,11,21,9,16,15,18,16,15,8,15,17,12,13,11
2026-06-23 21:00:00,8,6,8,6,15,7,3,2,12,2,4,12,1,3,5,9,2,5,8,7,3,2,1,1
2026-06-24 00:00:00,7,0,2,3,2,0,0,0,0,0,0,2,1,0,1,0,2,3,0,0,3,0,0,0
2026-06-24 03:00:00,3,1,3,3,6,6,1,1,3,0,1,2,2,1,2,3,1,0,1,0,1,0,0,0
2026-06-24 06:00:00,106,72,17,75,27,30,49,36,41,51,21,7,33,18,14,19,1,28,28,12,4,16,5,4
2026-06-24 09:00:00,26,22,15,24,12,20,13,12,18,12,10,10,9,10,10,10,7,9,8,7,13,24,3,5
2026-06-24 12:00:00,15,9,14,10,10,10,12,4,8,3,7,9,2,2,0,6,11,5,4,9,4,11,5,3
2026-06-24 15:00:00,56,54,61,43,30,29,34,40,13,20,43,36,28,48,17,21,22,8,17,44,34,11,1,5
2026-06-24 18:00:00,6,14,6,3,21,12,5,18,5,8,6,8,7,9,11,16,7,3,4,13,7,5,4,5
2026-06-24 21:00:00,5,6,4,2,6,4,1,3,2,3,2,2,1,0,2,2,3,0,0,4,5,1,0,0
2026-06-25 00:00:00,1,1,0,1,1,2,0,0,1,0,0,0,0,0,1,2,0,3,0,0,0,1,0,0
2026-06-25 03:00:00,5,4,1,0,3,5,2,3,3,1,3,1,1,1,0,3,0,0,0,0,1,0,0,0
2026-06-25 06:00:00,112,53,28,65,25,32,42,21,40,42,19,13,37,25,12,12,1,20,28,16,8,14,3,2
2026-06-25 09:00:00,29,13,17,20,12,13,8,12,21,7,10,7,6,9,6,16,3,16,9,12,8,18,2,2
2026-06-25 12:00:00,33,33,32,25,13,8,10,11,21,8,12,22,10,7,11,13,9,21,12,14,18,12,5,6
2026-06-25 15:00:00,39,82,80,38,45,31,39,33,14,24,38,32,24,51,17,26,25,15,23,44,40,7,4,11
2026-06-25 18:00:00,23,19,14,9,29,26,7,15,14,16,16,14,9,15,19,24,20,18,12,9,13,4,12,9
2026-06-25 21:00:00,14,8,6,9,26,14,1,7,6,5,6,6,2,2,12,5,5,3,5,7,10,6,0,0
2026-06-26 00:00:00,3,1,1,0,5,3,0,2,2,1,2,1,2,0,0,1,1,0,2,0,1,0,0,0
2026-06-26 03:00:00,3,2,1,1,8,2,1,2,2,1,1,0,0,1,0,0,1,0,0,0,0,1,0,0
2026-06-26 06:00:00,58,38,17,38,21,33,34,9,24,37,13,6,24,16,10,10,2,12,13,8,5,21,9,3
2026-06-26 09:00:00,24,14,16,26,24,21,7,14,14,7,3,6,11,3,9,9,4,10,4,10,13,19,3,3
2026-06-26 12:00:00,23,21,16,17,19,17,14,12,14,9,11,12,4,8,7,10,12,15,15,15,16,10,3,4
2026-06-26 15:00:00,27,36,48,30,21,22,20,25,21,18,28,35,19,21,18,22,20,15,18,21,25,13,4,10
2026-06-26 18:00:00,16,21,16,13,28,21,10,12,15,6,8,9,3,10,17,11,16,8,5,10,16,8,12,5
2026-06-26 21:00:00,3,2,19,7,14,13,2,6,8,4,2,11,1,1,5,9,2,4,9,0,13,3,0,0
2026-06-27 00:00:00,3,1,9,0,10,14,0,3,2,3,8,3,4,2,3,1,2,2,1,0,5,0,0,0
2026-06-27 03:00:00,1,0,1,0,1,4,0,0,0,0,1,1,2,0,1,1,0,0,0,0,0,0,0,0
2026-06-27 06:00:00,6,6,6,8,7,14,2,2,9,5,2,5,4,4,5,4,2,3,2,2,1,4,1,0
2026-06-27 09:00:00,12,17,10,13,26,22,7,10,13,11,6,9,5,17,10,9,5,19,4,6,5,15,10,4
2026-06-27 12:00:00,13,18,12,32,33,27,14,14,23,9,8,26,6,19,18,9,17,13,8,1,12,12,4,2
2026-06-27 15:00:00,14,7,13,16,21,32,6,5,8,4,12,13,14,7,14,32,6,12,6,8,17,8,2,1
2026-06-27 18:00:00,12,21,15,15,7,22,4,10,17,9,11,17,4,6,16,13,4,9,4,3,15,1,3,3
2026-06-27 21:00:00,9,10,6,4,20,9,2,7,10,11,5,16,4,6,6,14,1,11,6,4,14,1,1,1
2026-06-28 00:00:00,6,5,2,1,8,4,5,2,6,2,6,10,0,0,4,4,0,2,4,0,2,0,0,0
2026-06-28 03:00:00,1,1,0,0,0,7,2,0,1,0,1,0,1,0,1,0,0,0,0,0,0,0,0,0
2026-06-28 06:00:00,1,6,4,1,12,14,1,3,1,1,2,6,1,1,5,2,0,4,0,0,0,1,1,0
2026-06-28 09:00:00,19,15,10,16,27,16,6,8,14,11,8,13,4,6,17,12,6,16,6,4,2,9,7,8
2026-06-28 12:00:00,15,12,22,19,34,36,5,10,18,7,10,17,11,15,13,20,8,13,8,6,11,13,3,3
2026-06-28 15:00:00,11,15,9,20,21,20,4,6,15,14,8,20,13,7,8,12,7,12,4,0,14,7,4,4
2026-06-28 18:00:00,11,14,6,6,23,25,3,2,19,10,9,6,7,5,15,11,11,11,2,5,7,2,2,5
2026-06-28 21:00:00,3,6,2,2,6,8,1,0,8,0,1,8,7,2,7,6,0,1,2,3,15,1,0,0
2026-06-29 00:00:00,1,1,1,1,2,0,1,0,0,0,0,5,0,2,1,0,0,6,0,0,3,0,0,0
2026-06-29 03:00:00,3,2,2,1,4,4,0,2,2,1,1,0,1,2,1,0,0,1,0,1,0,0,0,0
2026-06-29 06:00:00,84,49,28,68,25,23,38,19,42,46,18,15,35,18,17,23,2,20,30,11,3,16,2,2
2026-06-29 09:00:00,26,16,17,25,14,16,11,5,22,12,7,19,2,7,10,13,10,10,7,11,8,20,4,5
2026-06-29 12:00:00,23,21,29,17,17,21,6,4,14,8,8,16,7,9,7,6,9,18,9,13,11,13,1,5
2026-06-29 15:00:00,54,75,69,25,39,27,23,38,17,17,38,22,28,43,9,20,21,10,24,28,21,9,1,2
2026-06-29 18:00:00,10,17,10,11,27,41,12,17,19,9,18,13,5,18,11,15,6,10,6,7,12,2,5,3
2026-06-29 21:00:00,8,8,3,6,7,7,6,2,2,3,1,5,1,2,8,5,2,0,4,2,14,3,0,0
2026-06-30 00:00:00,1,0,1,0,1,0,0,2,0,0,0,2,0,0,1,0,1,2,0,0,0,0,0,0
2026-06-30 03:00:00,2,3,4,1,10,6,5,0,0,0,1,0,0,0,0,3,0,3,0,1,0,0,0,0
2026-06-30 06:00:00,113,71,29,75,25,31,52,25,52,52,14,13,44,19,14,16,2,28,25,13,5,16,4,2
2026-06-30 09:00:00,24,15,19,25,13,24,13,20,11,6,10,7,10,7,8,9,6,6,10,8,8,22,4,5
2026-06-30 12:00:00,18,12,26,20,21,24,19,8,15,9,8,14,9,8,5,6,18,15,15,10,10,6,7,4
2026-06-30 15:00:00,40,101,73,21,41,20,30,43,21,22,35,32,33,41,25,27,27,11,28,31,17,7,9,2
2026-06-30 18:00:00,15,30,8,7,52,42,7,20,19,10,12,15,9,11,27,26,14,9,11,12,11,8,6,4
2026-06-30 21:00:00,6,16,6,5,11,17,3,2,9,2,4,2,0,1,9,15,4,3,3,1,4,0,2,1
